time,k,model,infolder,seed,result_folder,n_folds,top_100_percent,top_90_percent,top_80_percent,top_70_percent,top_60_percent,top_50_percent,top_40_percent,top_30_percent,top_20_percent,top_10_percent,10_better_100,top_100_percentT,top_90_percentT,top_80_percentT,top_70_percentT,top_60_percentT,top_50_percentT,top_40_percentT,top_30_percentT,top_20_percentT,top_10_percentT,10_better_100T,top_100_percentB,top_90_percentB,top_80_percentB,top_70_percentB,top_60_percentB,top_50_percentB,top_40_percentB,top_30_percentB,top_20_percentB,top_10_percentB,10_better_100B,top_100_f1_score,top_90_f1_score,top_80_f1_score,top_70_f1_score,top_60_f1_score,top_50_f1_score,top_40_f1_score,top_30_f1_score,top_20_f1_score,top_10_f1_score,log_p_train_T,log_p_train_B,log_p_test_T,log_p_test_B,p_train_T,p_train_B,p_test_T,p_test_B,std_log_p_train_T,std_log_p_train_B,std_log_p_test_T,std_log_p_test_B,std_p_train_T,std_p_train_B,std_p_test_T,std_p_test_B,,,,,,,,,,,,,,,,,,,,,,,,,,,,,,,,,,,,,,,,,,,,,,,,,,,,,,,,,,,,,,,,
Sun Apr 22 22:00:33 2018,4,hmm,/home/mlevin6/Desktop/cluster/cluster_sequences/KM_AU06_r_AU12_r_5/pairwise/every_frame,0,results/152338757607,5,54.86021505,51.85185185,53.33333333,49.52380952,48.88888889,52,56.66666667,60,63.33333333,66.66666667,TRUE,62.66666667,60.98901099,64.62703963,59.40909091,56.65873016,60.38095238,71,81.66666667,95,100,TRUE,47,42.85714286,41.48018648,37.35508936,38.52020202,41.72222222,42.61904762,44,36,50,TRUE,0.514285714,0.471544715,0.481481481,0.442105263,0.452380952,0.5,0.551724138,0.590909091,0.592592593,0.666666667,-2175.661217,-2447.875796,-2264.734234,-2501.630705,6.72E-119,2.51E-224,2.89E-137,4.23E-223,1067.006998,1121.971382,1138.132177,1168.73482,1.16E-117,0,2.48E-136,0,,,,,,,,,,,,,,,,,,,,,,,,,,,,,,,,,,,,,,,,,,,,,,,,,,,,,,,,,,,,,,,,
Sun Apr 22 22:02:08 2018,4,hmm,/home/mlevin6/Desktop/cluster/cluster_sequences/KM_AU06_r_AU12_r_5/default/every_frame,0,results/15233875760,5,64.94623656,65.18518519,66.66666667,66.66666667,65.55555556,65.33333333,66.66666667,73.33333333,63.33333333,66.66666667,TRUE,65.33333333,66.46520147,71.02097902,70.55555556,68.11688312,69.56349206,73.5,87.14285714,75,83.33333333,TRUE,64.66666667,64.00732601,62.997003,62.22222222,62.38961039,57.53968254,58.57142857,61.33333333,52.66666667,56.66666667,FALSE,0.649006623,0.656934307,0.672131148,0.672897196,0.666666667,0.638888889,0.655172414,0.714285714,0.666666667,0.705882353,-480.2796296,-507.7564062,-484.8546377,-511.8486278,1.71E-27,2.71E-17,1.30E-27,3.73E-16,265.2736919,369.7353533,266.1339591,379.6548801,2.69E-26,3.01E-16,1.11E-26,0,,,,,,,,,,,,,,,,,,,,,,,,,,,,,,,,,,,,,,,,,,,,,,,,,,,,,,,,,,,,,,,,
Sun Apr 22 22:03:41 2018,4,lstmHmm,/home/mlevin6/Desktop/cluster/cluster_sequences/KM_AU06_r_AU12_r_5/pairwise/every_frame,0,results/152339841181,5,59.5483871,59.25925926,60,60,58.88888889,62.66666667,60,62.22222222,60,66.66666667,TRUE,60,56.53846154,57.24242424,54.77777778,55.75396825,59.68253968,54.85714286,60,80,100,TRUE,59,60.57142857,60.65934066,62.83216783,60.24242424,62.83333333,63.35714286,71.19047619,62,53.33333333,FALSE,0.59602649,0.615384615,0.625,0.644067797,0.626262626,0.658536585,0.636363636,0.690909091,0.647058824,0.705882353,-1839.291453,-2162.073689,-1952.722547,-2226.166034,3.12E-124,8.27E-199,2.42E-125,5.06E-250,948.6566873,1060.367523,1069.218569,1081.680167,5.40E-123,0,2.08E-124,nan,,,,,,,,,,,,,,,,,,,,,,,,,,,,,,,,,,,,,,,,,,,,,,,,,,,,,,,,,,,,,,,,
Sun Apr 22 22:05:16 2018,4,lstmHmm,/home/mlevin6/Desktop/cluster/cluster_sequences/KM_AU06_r_AU12_r_5/default/every_frame,0,results/152339160454,5,51.6344086,50.37037037,51.66666667,52.38095238,54.44444444,56,55,53.33333333,50,66.66666667,TRUE,58.66666667,56.63003663,57.17948718,59.06060606,57.33333333,58.80952381,51.95238095,46.66666667,30,50,FALSE,44.75,44.02930403,45.60606061,46.54545455,51.33333333,54.84126984,56.45238095,58,61.66666667,80,TRUE,0.482269504,0.464,0.482142857,0.479166667,0.517647059,0.547945205,0.571428571,0.571428571,0.594594595,0.736842105,-166.4327941,-209.6267707,-238.3548581,-233.6857392,inf,inf,inf,inf,444.7263719,620.9083584,412.9475515,550.6606122,nan,nan,nan,nan,,,,,,,,,,,,,,,,,,,,,,,,,,,,,,,,,,,,,,,,,,,,,,,,,,,,,,,,,,,,,,,,
Sun Apr 22 22:06:51 2018,5,lstmHmm,/home/mlevin6/Desktop/cluster/cluster_sequences/KM_AU06_r_AU12_r_5/default/every_frame,0,results/15234050825,5,61.01075269,63.7037037,65.83333333,63.80952381,64.44444444,66.66666667,66.66666667,66.66666667,63.33333333,53.33333333,FALSE,60,64.7985348,65.45454545,61.41414141,65.1010101,72.85714286,75.78571429,78.14285714,76.66666667,80,TRUE,62.16666667,61.38461538,63.91608392,61.72222222,60.02380952,59.28571429,54.19047619,46.66666667,40,30,FALSE,0.614379085,0.631578947,0.643478261,0.62,0.609756098,0.637681159,0.615384615,0.545454545,0.52173913,0.461538462,75.37183241,51.95834412,60.46881072,37.50276754,inf,inf,inf,inf,359.2485536,546.5019928,341.8679436,561.4760322,nan,nan,nan,6.55E-134,,,,,,,,,,,,,,,,,,,,,,,,,,,,,,,,,,,,,,,,,,,,,,,,,,,,,,,,,,,,,,,,
Sun Apr 22 22:08:26 2018,5,hmm,/home/mlevin6/Desktop/cluster/cluster_sequences/KM_AU06_r_AU12_r_5/pairwise/every_frame,0,results/152340209939,5,58.94623656,59.25925926,58.33333333,58.0952381,61.11111111,61.33333333,61.66666667,55.55555556,46.66666667,53.33333333,FALSE,69.33333333,71.04029304,68.71128871,71.67055167,74.35164835,75.25252525,77.14285714,78.66666667,63.33333333,41.66666667,FALSE,48.58333333,46.3003663,43.74825175,39.5,37.04545455,36.50793651,34.55555556,29.28571429,24,38.88888889,FALSE,0.544117647,0.52991453,0.5,0.488372093,0.492753623,0.49122807,0.510638298,0.473684211,0.428571429,0.461538462,-1961.916549,-2252.863105,-2038.997654,-2296.818152,4.29E-129,1.63E-201,2.92E-143,7.56E-135,1012.440976,1126.829969,1030.225921,1091.890781,7.42E-128,0,2.52E-142,2.38E-156,,,,,,,,,,,,,,,,,,,,,,,,,,,,,,,,,,,,,,,,,,,,,,,,,,,,,,,,,,,,,,,,
Sun Apr 22 22:09:59 2018,5,lstmHmm,/home/mlevin6/Desktop/cluster/cluster_sequences/KM_AU06_r_AU12_r_5/pairwise/every_frame,0,results/15234112239,5,50.90322581,50.37037037,50.83333333,50.47619048,53.33333333,53.33333333,56.66666667,60,60,60,TRUE,53.33333333,53.85714286,53.46153846,51.3038073,54.02236652,52.66666667,55.80952381,55.33333333,73.33333333,75,TRUE,48.16666667,48.61538462,48.78787879,49.24242424,47.95670996,49.03968254,51.61904762,60.66666667,55,50,TRUE,0.5,0.480620155,0.477876106,0.490196078,0.522727273,0.520547945,0.566666667,0.64,0.6,0.571428571,-1611.184008,-1900.102366,-1690.624621,-1978.715815,5.59E-114,4.80E-139,2.81E-120,2.75E-157,903.479287,999.1943409,965.7097514,1029.374449,9.64E-113,6.37E-138,2.42E-119,1.52E-10,,,,,,,,,,,,,,,,,,,,,,,,,,,,,,,,,,,,,,,,,,,,,,,,,,,,,,,,,,,,,,,,
Sun Apr 22 22:11:34 2018,6,hmm,/home/mlevin6/Desktop/cluster/cluster_sequences/KM_AU06_r_AU12_r_5/default/every_frame,0,results/152341671728,5,59.65591398,59.25925926,59.16666667,59.04761905,62.22222222,61.33333333,60,57.77777778,56.66666667,73.33333333,TRUE,62.66666667,62.10989011,60.38128538,63.29292929,67.83333333,69.57142857,67,67.66666667,71.33333333,87.5,TRUE,56.75,55.80586081,56.91142191,54.39393939,56.72222222,53,53.45238095,52.66666667,63,73.33333333,TRUE,0.585034014,0.573643411,0.581196581,0.574257426,0.595238095,0.567164179,0.586206897,0.558139535,0.580645161,0.75,-393.9055574,-357.665152,-397.3125637,-357.3121814,6.28E-16,3.45E-15,3.97E-16,2.01E-11,202.7368028,194.0657813,203.0106558,193.3873577,5.49E-15,4.34E-14,3.41E-15,3.18E-108,,,,,,,,,,,,,,,,,,,,,,,,,,,,,,,,,,,,,,,,,,,,,,,,,,,,,,,,,,,,,,,,
Sun Apr 22 22:13:08 2018,6,hmm,/home/mlevin6/Desktop/cluster/cluster_sequences/KM_AU06_r_AU12_r_5/pairwise/every_frame,0,results/15234196061,5,53.6344086,53.33333333,51.66666667,47.61904762,50,46.66666667,45,44.44444444,46.66666667,40,FALSE,54.66666667,54.52380952,52.48484848,51.87878788,53,51.9047619,53.33333333,56.16666667,78.66666667,87.5,TRUE,52.33333333,51.69230769,49.04761905,41.27272727,43.77777778,38.53174603,29.5,24,25.33333333,16.66666667,FALSE,0.533333333,0.540145985,0.524590164,0.466019417,0.470588235,0.428571429,0.377358491,0.324324324,0.384615385,0.307692308,-1749.910362,-1981.870978,-1866.066156,-2006.064946,1.07E-87,1.30E-107,1.32E-109,3.67E-109,933.7941538,1070.486164,1049.884468,1109.215062,1.81E-86,2.27E-106,1.14E-108,3.77E-93,,,,,,,,,,,,,,,,,,,,,,,,,,,,,,,,,,,,,,,,,,,,,,,,,,,,,,,,,,,,,,,,
Sun Apr 22 22:14:41 2018,6,lstmHmm,/home/mlevin6/Desktop/cluster/cluster_sequences/KM_AU06_r_AU12_r_5/pairwise/every_frame,0,results/152344517276,5,52.27956989,52.59259259,57.5,57.14285714,56.66666667,54.66666667,60,62.22222222,66.66666667,66.66666667,TRUE,57.33333333,58.86446886,64.05594406,61.91919192,62.34920635,61.9047619,70.14285714,68.66666667,88.33333333,100,TRUE,47.16666667,47.49084249,52.95804196,54.66666667,52.75252525,49.44444444,48.28571429,51.66666667,53.33333333,60,TRUE,0.5,0.492063492,0.540540541,0.563106796,0.561797753,0.540540541,0.6,0.638297872,0.666666667,0.666666667,-1384.87382,-1650.342475,-1484.395213,-1725.285555,1.05E-57,4.61E-87,1.63E-58,4.35E-94,812.4154913,966.8682818,912.5056787,984.9022897,1.80E-56,8.02E-86,1.40E-57,2.11E-153,,,,,,,,,,,,,,,,,,,,,,,,,,,,,,,,,,,,,,,,,,,,,,,,,,,,,,,,,,,,,,,,
Sun Apr 22 22:16:15 2018,4,hmm,/home/mlevin6/Desktop/cluster/cluster_sequences/KM_AU06_r_AU12_r_5/pairwise/every_frame,1111,results/152344984799,5,52.34408602,52.59259259,55.83333333,60,60,60,61.66666667,60,60,53.33333333,TRUE,61.33333333,65.16483516,69.70862471,75.75135975,80.17316017,78.97619048,81.50793651,76.95238095,88,91.66666667,TRUE,43.33333333,40.43956044,40.47785548,40.42424242,37.17171717,39.84126984,41,38.66666667,21.66666667,12.5,FALSE,0.47826087,0.466666667,0.485436893,0.511627907,0.5,0.516129032,0.530612245,0.470588235,0.4,0.222222222,-2135.492017,-2388.849597,-2207.571202,-2448.020524,1.31E-116,3.96E-133,1.39E-125,2.44E-154,1096.278224,1166.40928,1152.504043,1161.589229,2.26E-115,6.90E-132,1.20E-124,0,,,,,,,,,,,,,,,,,,,,,,,,,,,,,,,,,,,,,,,,,,,,,,,,,,,,,,,,,,,,,,,,
Sun Apr 22 22:17:48 2018,4,lstmHmm,/home/mlevin6/Desktop/cluster/cluster_sequences/KM_AU06_r_AU12_r_5/pairwise/every_frame,1111,results/152346488756,5,55.5483871,56.2962963,54.16666667,57.14285714,55.55555556,56,58.33333333,60,63.33333333,66.66666667,TRUE,68,68.46153846,64.98834499,71.47474747,72.26190476,73.33333333,74.66666667,73.66666667,86.66666667,100,TRUE,43,43.84615385,41.93473193,43.24242424,42.42424242,43.61111111,43.80952381,51,50,50,TRUE,0.496240602,0.504201681,0.476190476,0.516129032,0.512195122,0.52173913,0.528301887,0.590909091,0.620689655,0.666666667,-1820.796804,-2135.010428,-1904.364095,-2171.838945,6.05E-127,3.51E-193,5.87E-128,4.19E-227,967.7042009,1055.887971,1060.076449,1069.003661,1.02E-125,0,5.05E-127,nan,,,,,,,,,,,,,,,,,,,,,,,,,,,,,,,,,,,,,,,,,,,,,,,,,,,,,,,,,,,,,,,,
Sun Apr 22 22:19:25 2018,6,lstmHmm,/home/mlevin6/Desktop/cluster/cluster_sequences/KM_AU06_r_AU12_r_5/default/every_frame,0,results/152342006242,5,57.07526882,60.74074074,59.16666667,58.0952381,57.77777778,54.66666667,55,57.77777778,56.66666667,40,FALSE,50.66666667,54.65201465,52.24708625,51.31779332,49.22222222,42.78571429,47.42857143,48.33333333,48.33333333,20,FALSE,63.66666667,65.92673993,66.07892108,66.48484848,67.11111111,64.56349206,61.21428571,57.71428571,58.66666667,50,FALSE,0.596273292,0.639455782,0.625954198,0.607142857,0.62745098,0.613636364,0.608695652,0.641509434,0.628571429,0.526315789,202.5414728,187.740889,158.239096,155.5913228,inf,inf,inf,inf,332.3400574,519.5231758,328.8478766,554.9439685,nan,nan,nan,3.06E-15,,,,,,,,,,,,,,,,,,,,,,,,,,,,,,,,,,,,,,,,,,,,,,,,,,,,,,,,,,,,,,,,
Sun Apr 22 22:20:58 2018,4,hmm,/home/mlevin6/Desktop/cluster/cluster_sequences/KM_AU06_r_AU12_r_5/default/every_frame,1111,results/15234465405,5,64.94623656,65.18518519,66.66666667,66.66666667,65.55555556,65.33333333,66.66666667,73.33333333,63.33333333,66.66666667,TRUE,65.33333333,66.46520147,71.02097902,70.55555556,68.11688312,69.56349206,73.5,87.14285714,75,83.33333333,TRUE,64.66666667,64.00732601,62.997003,62.22222222,62.38961039,57.53968254,58.57142857,61.33333333,52.66666667,56.66666667,FALSE,0.649006623,0.656934307,0.672131148,0.672897196,0.666666667,0.638888889,0.655172414,0.714285714,0.666666667,0.705882353,-480.2796309,-507.756899,-484.8541829,-511.8493422,1.71E-27,2.71E-17,1.29E-27,3.73E-16,265.2733146,369.7350005,266.1338163,379.6555854,2.69E-26,3.01E-16,1.11E-26,nan,,,,,,,,,,,,,,,,,,,,,,,,,,,,,,,,,,,,,,,,,,,,,,,,,,,,,,,,,,,,,,,,
Sun Apr 22 22:22:33 2018,5,lstmHmm,/home/mlevin6/Desktop/cluster/cluster_sequences/KM_AU06_r_AU12_r_5/default/every_frame,1111,results/152346650052,5,54.96774194,57.03703704,58.33333333,58.0952381,56.66666667,58.66666667,56.66666667,60,66.66666667,73.33333333,TRUE,41.33333333,44.28571429,44,44.70707071,46.44444444,46.9047619,44.28571429,49.66666667,56.66666667,66.66666667,TRUE,68.58333333,69.78021978,69.56043956,68.75757576,67.27777778,69.96031746,67.71428571,64.66666667,69.66666667,73.33333333,TRUE,0.604651163,0.623376623,0.647887324,0.633333333,0.606060606,0.635294118,0.617647059,0.64,0.736842105,0.818181818,68.6292764,43.28275467,54.95530341,-22.01901526,inf,inf,inf,inf,363.770047,576.2609386,381.1212931,788.2588739,nan,nan,nan,0,,,,,,,,,,,,,,,,,,,,,,,,,,,,,,,,,,,,,,,,,,,,,,,,,,,,,,,,,,,,,,,,
Sun Apr 22 22:24:04 2018,5,lstmHmm,/home/mlevin6/Desktop/cluster/cluster_sequences/KM_AU06_r_AU12_r_5/pairwise/every_frame,1111,results/152347394956,5,55.50537634,54.07407407,57.5,59.04761905,58.88888889,56,48.33333333,44.44444444,50,40,FALSE,68,67.43589744,72.86713287,79.57070707,80.89466089,75.80952381,76.76190476,83.33333333,95,83.33333333,TRUE,43.16666667,39.01098901,41.67832168,40.37606838,41.52958153,41.77777778,30.57142857,20,28,6.666666667,FALSE,0.496240602,0.456140351,0.504854369,0.516853933,0.53164557,0.52173913,0.392156863,0.285714286,0.4,0.181818182,-1604.471603,-1841.910242,-1684.389353,-1879.270954,3.48E-108,5.37E-183,1.10E-108,7.92E-201,849.7056636,927.363839,934.1464334,947.0320721,6.00E-107,0,9.44E-108,6.55E-131,,,,,,,,,,,,,,,,,,,,,,,,,,,,,,,,,,,,,,,,,,,,,,,,,,,,,,,,,,,,,,,,
Sun Apr 22 22:25:36 2018,6,lstmHmm,/home/mlevin6/Desktop/cluster/cluster_sequences/KM_AU06_r_AU12_r_5/pairwise/every_frame,1111,results/152348337505,5,52.30107527,56.2962963,56.66666667,57.14285714,56.66666667,54.66666667,51.66666667,55.55555556,53.33333333,60,TRUE,64,68.15018315,68.57342657,73.11111111,72.47619048,71.71428571,69.61904762,76.66666667,75,83.33333333,TRUE,40.75,45.15750916,46.42191142,42.57575758,43.41414141,41.14285714,40.12698413,50.5,52,63.33333333,TRUE,0.462686567,0.512396694,0.527272727,0.516129032,0.506329114,0.484848485,0.452830189,0.523809524,0.533333333,0.666666667,-1421.373935,-1694.671978,-1504.842278,-1718.722769,2.24E-110,4.75E-63,4.32E-113,7.57E-132,836.8407272,978.9561929,933.7148916,1013.181158,3.87E-109,8.26E-62,3.71E-112,2.42E-149,,,,,,,,,,,,,,,,,,,,,,,,,,,,,,,,,,,,,,,,,,,,,,,,,,,,,,,,,,,,,,,,
Sun Apr 22 22:27:09 2018,6,hmm,/home/mlevin6/Desktop/cluster/cluster_sequences/KM_AU06_r_AU12_r_5/pairwise/every_frame,1111,results/152347712613,5,56.25806452,56.2962963,59.16666667,59.04761905,62.22222222,61.33333333,65,71.11111111,70,66.66666667,TRUE,60,59.19413919,62.35497835,62.23809524,63.29292929,65.5952381,72.14285714,79.33333333,90,100,TRUE,52.16666667,51.83882784,51.43589744,50.18426018,50.25641026,51.89393939,55.44444444,60.47619048,59,50,FALSE,0.547945205,0.556390977,0.581196581,0.59047619,0.622222222,0.641975309,0.686567164,0.754716981,0.727272727,0.705882353,-1782.885425,-2085.221633,-1870.886378,-2164.952517,9.86E-102,2.29E-104,1.57E-108,2.79E-150,982.7157466,1102.118742,1033.892946,1164.939497,1.69E-100,3.99E-103,1.35E-107,nan,,,,,,,,,,,,,,,,,,,,,,,,,,,,,,,,,,,,,,,,,,,,,,,,,,,,,,,,,,,,,,,,
Sun Apr 22 22:28:43 2018,6,lstmHmm,/home/mlevin6/Desktop/cluster/cluster_sequences/KM_AU06_r_AU12_r_5/default/every_frame,1111,results/152347778744,5,53.69892473,57.03703704,56.66666667,57.14285714,57.77777778,57.33333333,61.66666667,62.22222222,53.33333333,53.33333333,FALSE,57.33333333,61.26373626,61.87412587,60.86324786,62.98412698,64.37301587,73.14285714,75,63.33333333,50,FALSE,50.16666667,53.86813187,51.14885115,53.75291375,54.36868687,51.78571429,53.78571429,55.57142857,50.33333333,53.33333333,TRUE,0.520547945,0.560606061,0.551724138,0.554455446,0.577777778,0.542857143,0.581818182,0.604651163,0.5625,0.631578947,206.8380332,205.0060923,191.4136766,143.7310373,inf,inf,inf,inf,331.5807207,519.8770341,358.3105164,748.6887326,nan,nan,nan,0,,,,,,,,,,,,,,,,,,,,,,,,,,,,,,,,,,,,,,,,,,,,,,,,,,,,,,,,,,,,,,,,
Sun Apr 22 22:30:17 2018,4,lstmHmm,/home/mlevin6/Desktop/cluster/cluster_sequences/KM_AU06_r_AU12_r_5/pairwise/every_frame,2222,results/15235345051,5,54.21505376,51.85185185,53.33333333,51.42857143,53.33333333,56,60,64.44444444,63.33333333,66.66666667,TRUE,57.33333333,53.73626374,54.76190476,52.04545455,54.64646465,55.5,50.6984127,44.9047619,72.5,77.77777778,TRUE,51,49.61172161,51.28571429,50.57342657,51.20634921,51.85714286,59.3968254,70.66666667,59,70.83333333,TRUE,0.530612245,0.518518519,0.525423729,0.523364486,0.543478261,0.56,0.625,0.703703704,0.685714286,0.736842105,-1838.591465,-2150.887338,-1937.422644,-2202.590409,1.94E-127,3.92E-214,1.29E-130,1.00E-232,973.5311414,1087.803968,1074.721395,1094.492558,3.36E-126,0,1.11E-129,0,,,,,,,,,,,,,,,,,,,,,,,,,,,,,,,,,,,,,,,,,,,,,,,,,,,,,,,,,,,,,,,,
Sun Apr 22 22:31:49 2018,4,hmm,/home/mlevin6/Desktop/cluster/cluster_sequences/KM_AU06_r_AU12_r_5/pairwise/every_frame,2222,results/152353450509,5,54.94623656,57.03703704,59.16666667,60,58.88888889,58.66666667,56.66666667,51.11111111,43.33333333,46.66666667,FALSE,60,63.05494505,66.07226107,70.90909091,70.07575758,69.68253968,71.52380952,68,56.66666667,63.33333333,TRUE,49.75,50.28571429,50.6993007,50.56565657,50.25396825,49.64285714,39.23809524,34.66666667,25,12.5,FALSE,0.527777778,0.53968254,0.558558559,0.5625,0.519480519,0.537313433,0.458333333,0.388888889,0.32,0.2,-2134.552506,-2457.316574,-2214.581594,-2474.940262,1.33E-135,7.57E-135,2.62E-139,1.09E-288,1070.282275,1186.382137,1183.21156,1156.410561,1.63E-134,1.32E-133,2.26E-138,0,,,,,,,,,,,,,,,,,,,,,,,,,,,,,,,,,,,,,,,,,,,,,,,,,,,,,,,,,,,,,,,,
Sun Apr 22 22:33:23 2018,4,lstmHmm,/home/mlevin6/Desktop/cluster/cluster_sequences/KM_AU06_r_AU12_r_5/pairwise/every_frame,3333,results/152354643757,5,56.90322581,57.77777778,57.5,56.19047619,57.77777778,60,58.33333333,55.55555556,56.66666667,66.66666667,TRUE,50.66666667,54.56043956,54.35897436,53.63636364,56.94444444,58.42857143,60.95238095,67.33333333,73.33333333,100,TRUE,62.91666667,60.92673993,59.39393939,59.63636364,58.44444444,59.35714286,51.26190476,45.95238095,48.33333333,50,FALSE,0.596273292,0.589928058,0.578512397,0.581818182,0.595744681,0.625,0.590163934,0.565217391,0.580645161,0.666666667,-1836.944897,-2177.898304,-1912.520692,-2225.724734,1.13E-127,9.74E-200,4.82E-125,1.06E-230,977.1693578,1072.599964,1051.510232,1084.78517,1.85E-126,0,4.15E-124,1.41E-98,,,,,,,,,,,,,,,,,,,,,,,,,,,,,,,,,,,,,,,,,,,,,,,,,,,,,,,,,,,,,,,,
Sun Apr 22 22:35:01 2018,6,lstmHmm,/home/mlevin6/Desktop/cluster/cluster_sequences/KM_AU06_r_AU12_r_5/pairwise/every_frame,2222,results/152354638133,5,53.56989247,54.81481481,55,56.19047619,57.77777778,58.66666667,61.66666667,62.22222222,56.66666667,66.66666667,TRUE,62.66666667,64.19413919,64.70862471,69.11111111,74.11904762,75.04761905,78.66666667,79.76190476,71.33333333,100,TRUE,44.5,45.2967033,46.18881119,45.60606061,43.56060606,42.33333333,38.57142857,42.66666667,45.33333333,33.33333333,FALSE,0.492753623,0.504065041,0.509090909,0.530612245,0.525,0.537313433,0.530612245,0.540540541,0.518518519,0.545454545,-1407.84309,-1724.326147,-1483.052713,-1761.308208,2.58E-56,1.17E-85,4.48E-96,1.63E-99,895.0180048,993.6675276,984.3117309,1002.862557,4.44E-55,2.03E-84,3.86E-95,0,,,,,,,,,,,,,,,,,,,,,,,,,,,,,,,,,,,,,,,,,,,,,,,,,,,,,,,,,,,,,,,,
Sun Apr 22 22:36:34 2018,4,hmm,/home/mlevin6/Desktop/cluster/cluster_sequences/KM_AU06_r_AU12_r_5/pairwise/every_frame,4444,results/152356579169,5,58.90322581,60.74074074,59.16666667,58.0952381,60,61.33333333,58.33333333,57.77777778,53.33333333,53.33333333,FALSE,70.66666667,72.52747253,73.26340326,73.54545455,71.83838384,76.3961039,74.30952381,78.80952381,83.33333333,66.66666667,FALSE,47.25,48.24175824,45.47785548,41.43434343,45.47619048,37.85714286,39.61904762,37.33333333,31.66666667,43.33333333,FALSE,0.537313433,0.547008547,0.524271845,0.488372093,0.5,0.49122807,0.489795918,0.457142857,0.416666667,0.533333333,-2185.810025,-2436.519272,-2239.764009,-2463.615281,3.14E-119,1.59E-279,8.77E-121,2.32E-299,1061.609221,1068.250955,1108.306928,1096.934455,5.44E-118,0,7.55E-120,1.79E-99,,,,,,,,,,,,,,,,,,,,,,,,,,,,,,,,,,,,,,,,,,,,,,,,,,,,,,,,,,,,,,,,
Sun Apr 22 22:38:08 2018,6,hmm,/home/mlevin6/Desktop/cluster/cluster_sequences/KM_AU06_r_AU12_r_5/pairwise/every_frame,3333,results/152356536324,5,49.67741935,51.11111111,53.33333333,56.19047619,53.33333333,53.33333333,51.66666667,51.11111111,53.33333333,46.66666667,FALSE,65.33333333,68.16849817,72.61904762,76.63908314,76.12698413,75.95238095,83.14285714,90,100,100,TRUE,34.16666667,35.01831502,35,38.44172494,34.11616162,31.54761905,23.33333333,22.85714286,21,13.33333333,FALSE,0.40625,0.421052632,0.428571429,0.465116279,0.432432432,0.426229508,0.382978723,0.421052632,0.416666667,0.333333333,-1780.102159,-1986.07765,-1855.717983,-2021.590677,1.83E-107,7.46E-84,2.27E-118,2.06E-100,963.2237554,1054.74717,1021.894531,1073.096541,3.16E-106,9.32E-83,1.95E-117,inf,,,,,,,,,,,,,,,,,,,,,,,,,,,,,,,,,,,,,,,,,,,,,,,,,,,,,,,,,,,,,,,,
Sun Apr 22 22:39:42 2018,4,lstmHmm,/home/mlevin6/Desktop/cluster/cluster_sequences/KM_AU06_r_AU12_r_5/default/every_frame,4444,results/152358961736,5,52.98924731,51.11111111,50,51.42857143,55.55555556,58.66666667,56.66666667,60,60,60,TRUE,49.33333333,44.43223443,41.54545455,43.40909091,48.47619048,49.28571429,45.33333333,51.66666667,56.66666667,50,TRUE,56.58333333,57.06227106,57.27472527,58.4957265,61.497669,67.50505051,63.45238095,63.33333333,60,66.66666667,TRUE,0.547770701,0.547945205,0.545454545,0.571428571,0.615384615,0.651685393,0.638888889,0.666666667,0.647058824,0.666666667,-171.7521992,-217.7056148,-231.4942021,-253.0249932,inf,inf,1.30E+170,7.07E+242,325.5289545,473.8400946,293.3499563,433.0622701,nan,nan,inf,0,,,,,,,,,,,,,,,,,,,,,,,,,,,,,,,,,,,,,,,,,,,,,,,,,,,,,,,,,,,,,,,,
Sun Apr 22 22:41:16 2018,4,lstmHmm,/home/mlevin6/Desktop/cluster/cluster_sequences/KM_AU06_r_AU12_r_5/pairwise/every_frame,4444,results/152359468838,5,55.5483871,54.81481481,55,55.23809524,58.88888889,58.66666667,56.66666667,60,53.33333333,60,TRUE,58.66666667,60.27106227,59.90675991,61.45454545,66.44444444,70.11904762,66.76190476,75.28571429,71.66666667,90,TRUE,52.33333333,49.08424908,49.45221445,48,50.38888889,49.48412698,43.42857143,39,36.66666667,20,FALSE,0.544217687,0.519685039,0.526315789,0.525252525,0.554216867,0.550724638,0.48,0.5,0.416666667,0.25,-1831.440947,-2156.630373,-1919.468383,-2190.461068,1.02E-122,1.16E-209,3.26E-125,1.93E-244,955.7672722,1025.515931,1063.492387,1057.099265,1.24E-121,0,2.81E-124,3.19E-15,,,,,,,,,,,,,,,,,,,,,,,,,,,,,,,,,,,,,,,,,,,,,,,,,,,,,,,,,,,,,,,,
Sun Apr 22 22:42:49 2018,4,hmm,/home/mlevin6/Desktop/cluster/cluster_sequences/KM_AU06_r_AU12_r_5/default/every_frame,4444,results/152356536304,5,56.34408602,55.55555556,55.83333333,58.0952381,62.22222222,65.33333333,63.33333333,60,60,66.66666667,TRUE,66.66666667,66.21245421,69.39194139,69.23232323,69.72222222,69.04761905,70,70,60,75,TRUE,46.41666667,43.45421245,42.22077922,44.58585859,48.22222222,46.94444444,46.66666667,44,46.66666667,60,TRUE,0.514705882,0.5,0.475247525,0.511111111,0.564102564,0.59375,0.620689655,0.608695652,0.625,0.736842105,-513.21007,-570.992991,-517.2107201,-582.4794784,1.39E-27,2.51E-17,6.91E-27,3.88E-16,287.894761,463.957479,288.5877503,494.2461248,1.81E-26,2.79E-16,5.94E-26,0,,,,,,,,,,,,,,,,,,,,,,,,,,,,,,,,,,,,,,,,,,,,,,,,,,,,,,,,,,,,,,,,
Sun Apr 22 22:44:23 2018,5,hmm,/home/mlevin6/Desktop/cluster/cluster_sequences/KM_AU06_r_AU12_r_5/pairwise/every_frame,4444,results/152359875031,5,59.56989247,60,56.66666667,59.04761905,62.22222222,60,60,55.55555556,56.66666667,46.66666667,FALSE,65.33333333,65.06227106,60.80885781,61.87878788,61.62337662,61.11111111,63.80952381,59.33333333,48.33333333,100,TRUE,53.66666667,52.78388278,50.49117549,52.47940948,55.79220779,53.17460317,52.57142857,48,44,30,FALSE,0.573426573,0.564516129,0.551724138,0.582524272,0.613636364,0.583333333,0.586206897,0.565217391,0.580645161,0.5,-1966.241494,-2237.721738,-2049.12072,-2271.930624,1.21E-113,4.80E-191,1.18E-133,1.22E-188,942.3528495,1059.742626,958.2441851,991.0768027,2.09E-112,0,1.02E-132,3.31E-149,,,,,,,,,,,,,,,,,,,,,,,,,,,,,,,,,,,,,,,,,,,,,,,,,,,,,,,,,,,,,,,,
Sun Apr 22 22:45:55 2018,5,lstmHmm,/home/mlevin6/Desktop/cluster/cluster_sequences/KM_AU06_r_AU12_r_5/pairwise/every_frame,4444,results/152360837292,5,52.30107527,53.33333333,53.33333333,51.42857143,47.77777778,46.66666667,46.66666667,51.11111111,53.33333333,60,TRUE,58.66666667,59.56043956,61.25874126,63.44522145,58.83116883,58.6984127,63.66666667,78.66666667,85,100,TRUE,45.75,47.03296703,46.15384615,36.98484848,36.31168831,35.38888889,34.96031746,36.66666667,35,30,FALSE,0.492957746,0.496,0.5,0.43956044,0.43373494,0.428571429,0.466666667,0.52173913,0.5,0.5,-1593.615193,-1872.589363,-1685.193468,-1899.181838,4.32E-110,2.74E-100,8.75E-118,3.82E-150,864.2446583,975.8906329,953.2592711,964.437393,5.26E-109,4.77E-99,7.52E-117,3.03E-15,,,,,,,,,,,,,,,,,,,,,,,,,,,,,,,,,,,,,,,,,,,,,,,,,,,,,,,,,,,,,,,,
Sun Apr 22 22:47:33 2018,5,hmm,/home/mlevin6/Desktop/cluster/cluster_sequences/KM_AU06_r_AU12_r_5/default/every_frame,4444,results/152359505666,5,50.98924731,52.59259259,51.66666667,50.47619048,52.22222222,53.33333333,58.33333333,60,70,66.66666667,TRUE,2.666666667,0,0,0,0,0,0,0,0,0,FALSE,98.66666667,100,100,100,100,100,100,100,100,100,TRUE,0.669642857,0.689320388,0.681318681,0.670886076,0.686131387,0.695652174,0.736842105,0.75,0.823529412,0.8,-496.7536125,-533.020409,-507.930949,-535.2771446,1.74E-27,2.56E-17,3.58E-30,3.69E-16,276.6558101,413.6993984,273.0685408,388.0390968,2.85E-26,2.85E-16,3.08E-29,nan,,,,,,,,,,,,,,,,,,,,,,,,,,,,,,,,,,,,,,,,,,,,,,,,,,,,,,,,,,,,,,,,
Sun Apr 22 22:49:15 2018,6,lstmHmm,/home/mlevin6/Desktop/cluster/cluster_sequences/KM_AU06_r_AU12_r_5/default/every_frame,3333,results/15235653630,5,55.74193548,59.25925926,60,60.95238095,57.77777778,56,55,55.55555556,60,46.66666667,FALSE,50.66666667,54.67032967,55.27738928,55.21678322,53.11111111,51.67460317,53.61904762,53.33333333,48.33333333,25,FALSE,61,64.08791209,64.41225441,66.60606061,65.22222222,62.61904762,63.11904762,56.57142857,59.66666667,50,FALSE,0.578616352,0.615384615,0.625,0.630630631,0.612244898,0.592592593,0.584615385,0.6,0.666666667,0.6,203.8354821,197.404835,175.7583787,170.7105981,inf,inf,inf,inf,331.946718,516.6419671,341.1595346,562.0912435,nan,nan,nan,nan,,,,,,,,,,,,,,,,,,,,,,,,,,,,,,,,,,,,,,,,,,,,,,,,,,,,,,,,,,,,,,,,
Sun Apr 22 22:50:47 2018,5,lstmHmm,/home/mlevin6/Desktop/cluster/cluster_sequences/KM_AU06_r_AU12_r_5/default/every_frame,4444,results/152360769133,5,57.59139785,57.03703704,59.16666667,59.04761905,54.44444444,60,55,57.77777778,63.33333333,60,TRUE,52,51.20879121,54.54545455,55.81818182,55.33333333,60.35714286,53.61904762,62.66666667,63.33333333,66.66666667,TRUE,63.33333333,62.08791209,63.07692308,61.93939394,54.16666667,57.5,57.23809524,54,57.66666667,60,FALSE,0.6,0.597222222,0.625954198,0.612612613,0.528735632,0.583333333,0.571428571,0.595744681,0.666666667,0.7,68.63535838,43.46856589,57.32128466,-3.514128521,inf,inf,inf,inf,363.8040286,576.1787552,374.3739349,707.887616,nan,nan,nan,0,,,,,,,,,,,,,,,,,,,,,,,,,,,,,,,,,,,,,,,,,,,,,,,,,,,,,,,,,,,,,,,,
Sun Apr 22 22:52:19 2018,6,hmm,/home/mlevin6/Desktop/cluster/cluster_sequences/KM_AU06_r_AU12_r_5/pairwise/every_frame,4444,results/152361840488,5,53.59139785,52.59259259,53.33333333,55.23809524,57.77777778,60,55,55.55555556,56.66666667,60,TRUE,68,67.92307692,71.16883117,72.21289821,80.93434343,80.3968254,76,75.95238095,78.33333333,100,TRUE,39.16666667,37.57142857,35.87179487,36.09090909,35.73448773,42.38095238,36.5,31.42857143,33.33333333,30,FALSE,0.461538462,0.448275862,0.44,0.447058824,0.472222222,0.516129032,0.448979592,0.411764706,0.434782609,0.4,-1792.606513,-2046.939953,-1892.963251,-2072.194783,2.89E-107,2.31E-148,1.18E-114,1.51E-235,880.7789794,967.342471,985.625092,952.2594846,4.99E-106,4.02E-147,1.02E-113,4.33E-10,,,,,,,,,,,,,,,,,,,,,,,,,,,,,,,,,,,,,,,,,,,,,,,,,,,,,,,,,,,,,,,,
Sun Apr 22 22:53:51 2018,6,hmm,/home/mlevin6/Desktop/cluster/cluster_sequences/KM_AU06_r_AU12_r_5/default/every_frame,4444,results/152361184658,5,58.30107527,60.74074074,65.83333333,64.76190476,63.33333333,61.33333333,66.66666667,68.88888889,70,66.66666667,TRUE,57.33333333,58.84615385,65.77855478,64.89393939,62.88888889,60.5952381,58.66666667,63,53.33333333,60,TRUE,59.25,62.57142857,65.98734599,64.85625486,65.44444444,61.9047619,72.85714286,74.33333333,80,62.5,TRUE,0.588235294,0.618705036,0.666666667,0.654205607,0.64516129,0.632911392,0.705882353,0.72,0.742857143,0.666666667,-392.5712454,-355.9099688,-396.5079785,-357.148792,8.04E-16,5.00E-11,6.19E-16,5.80E-11,203.2887106,193.736431,204.0797797,193.4782893,6.96E-15,4.75E-10,5.32E-15,4.50E-91,,,,,,,,,,,,,,,,,,,,,,,,,,,,,,,,,,,,,,,,,,,,,,,,,,,,,,,,,,,,,,,,
Sun Apr 22 22:55:24 2018,6,lstmHmm,/home/mlevin6/Desktop/cluster/cluster_sequences/KM_AU06_r_AU12_r_5/pairwise/every_frame,4444,results/152362763417,5,52.25806452,53.33333333,53.33333333,57.14285714,55.55555556,56,53.33333333,55.55555556,60,53.33333333,TRUE,57.33333333,57.83882784,61.22377622,66.44444444,64.57575758,72.50793651,70.5,83.33333333,92,90,TRUE,47.08333333,49.24542125,45.60606061,49.54545455,49.42857143,46.22222222,43.21428571,40,40,30,FALSE,0.5,0.526315789,0.5,0.536082474,0.523809524,0.535211268,0.5,0.523809524,0.571428571,0.461538462,-1407.372855,-1683.711393,-1487.558301,-1715.836458,1.51E-84,1.55E-86,7.31E-113,5.20E-92,841.8999749,983.244971,928.1594275,994.0309349,2.61E-83,2.69E-85,6.29E-112,nan,,,,,,,,,,,,,,,,,,,,,,,,,,,,,,,,,,,,,,,,,,,,,,,,,,,,,,,,,,,,,,,,
Sun Apr 22 22:56:58 2018,6,lstmHmm,/home/mlevin6/Desktop/cluster/cluster_sequences/KM_AU06_r_AU12_r_5/default/every_frame,4444,results/152362276763,5,63.65591398,64.44444444,65.83333333,63.80952381,64.44444444,62.66666667,58.33333333,64.44444444,63.33333333,60,FALSE,58.66666667,60.54279054,64.54545455,63.74242424,65.87662338,66.50793651,58.83333333,63.33333333,46.66666667,16.66666667,FALSE,68.66666667,68.73260073,68.02197802,66.3962704,65.51948052,62.22222222,59.04761905,65.33333333,70.33333333,76.66666667,TRUE,0.65408805,0.671232877,0.682170543,0.660714286,0.659574468,0.631578947,0.590163934,0.68,0.717948718,0.727272727,192.7103183,200.551619,164.6568044,124.7756346,inf,inf,inf,inf,307.7921549,444.8324153,309.8513054,639.7370513,nan,nan,nan,3.06E-15,,,,,,,,,,,,,,,,,,,,,,,,,,,,,,,,,,,,,,,,,,,,,,,,,,,,,,,,,,,,,,,,
Sun Apr 22 22:58:31 2018,4,hmm,/home/mlevin6/Desktop/cluster/cluster_sequences/KM_AU06_r_AU12_r_5/default/every_frame,5555,results/152363275932,5,64.94623656,65.18518519,66.66666667,66.66666667,65.55555556,65.33333333,66.66666667,73.33333333,63.33333333,66.66666667,TRUE,65.33333333,66.46520147,71.02097902,70.55555556,68.11688312,69.56349206,73.5,87.14285714,75,83.33333333,TRUE,64.66666667,64.00732601,62.997003,62.22222222,62.38961039,57.53968254,58.57142857,61.33333333,52.66666667,56.66666667,FALSE,0.649006623,0.656934307,0.672131148,0.672897196,0.666666667,0.638888889,0.655172414,0.714285714,0.666666667,0.705882353,-480.2796296,-507.7569941,-484.8543733,-511.8493129,1.71E-27,2.71E-17,1.29E-27,3.72E-16,265.2737177,369.7359354,266.1337274,379.6558368,2.70E-26,3.01E-16,1.11E-26,0,,,,,,,,,,,,,,,,,,,,,,,,,,,,,,,,,,,,,,,,,,,,,,,,,,,,,,,,,,,,,,,,
Sun Apr 22 23:00:06 2018,4,lstmHmm,/home/mlevin6/Desktop/cluster/cluster_sequences/KM_AU06_r_AU12_r_5/pairwise/every_frame,5555,results/152364559186,5,54.92473118,53.33333333,55,54.28571429,54.44444444,56,55,60,63.33333333,66.66666667,TRUE,56,54.92673993,58.25407925,58.78787879,61.61111111,59.68253968,59.42857143,72,83.33333333,87.5,TRUE,53.66666667,51.12820513,53.11688312,51.60606061,48.27777778,47.5,46.61904762,46.66666667,48.33333333,50,FALSE,0.546666667,0.533333333,0.55,0.538461538,0.506024096,0.52173913,0.542372881,0.590909091,0.64516129,0.705882353,-1836.17109,-2147.712486,-1924.47363,-2192.091025,1.22E-122,1.22E-165,1.19E-127,5.53E-206,981.3212774,1080.433031,1081.620663,1098.937754,2.11E-121,0,1.03E-126,nan,,,,,,,,,,,,,,,,,,,,,,,,,,,,,,,,,,,,,,,,,,,,,,,,,,,,,,,,,,,,,,,,
Sun Apr 22 23:01:43 2018,4,lstmHmm,/home/mlevin6/Desktop/cluster/cluster_sequences/KM_AU06_r_AU12_r_5/default/every_frame,5555,results/152364559314,5,46.98924731,48.14814815,48.33333333,48.57142857,48.88888889,52,51.66666667,51.11111111,63.33333333,66.66666667,TRUE,44,46.11721612,45.24475524,43.46464646,43.22222222,42.38095238,36.33333333,26.66666667,31.66666667,50,TRUE,50,50.01465201,51.80652681,54.42424242,54.72222222,60.83333333,63.80952381,61.9047619,77,63.33333333,TRUE,0.487179487,0.5,0.507936508,0.517857143,0.520833333,0.571428571,0.602739726,0.620689655,0.717948718,0.736842105,-175.1366895,-233.9997039,-277.3545489,-275.0505182,inf,inf,inf,inf,452.1184362,642.0591995,433.2980946,595.0610918,nan,nan,nan,0,,,,,,,,,,,,,,,,,,,,,,,,,,,,,,,,,,,,,,,,,,,,,,,,,,,,,,,,,,,,,,,,
Sun Apr 22 23:03:18 2018,4,hmm,/home/mlevin6/Desktop/cluster/cluster_sequences/KM_AU06_r_AU12_r_5/pairwise/every_frame,5555,results/152364504535,5,56.90322581,56.2962963,55,55.23809524,55.55555556,56,56.66666667,60,63.33333333,53.33333333,FALSE,56,54.3956044,55.15151515,58.18181818,57.61111111,57.5,58.66666667,53.66666667,63.33333333,33.33333333,FALSE,57.66666667,57.58241758,54.87179487,52,53.83333333,53.21428571,53.0952381,61.47619048,62.66666667,56.66666667,FALSE,0.575163399,0.575539568,0.557377049,0.525252525,0.534883721,0.547945205,0.580645161,0.653846154,0.685714286,0.631578947,-2177.880965,-2539.362262,-2268.207819,-2590.448177,7.95E-131,1.96E-215,2.85E-152,2.67E-212,1152.378884,1248.948436,1249.314023,1257.364247,1.38E-129,0,2.45E-151,0,,,,,,,,,,,,,,,,,,,,,,,,,,,,,,,,,,,,,,,,,,,,,,,,,,,,,,,,,,,,,,,,
Sun Apr 22 23:04:54 2018,5,hmm,/home/mlevin6/Desktop/cluster/cluster_sequences/KM_AU06_r_AU12_r_5/pairwise/every_frame,5555,results/152364919439,5,52.96774194,54.07407407,56.66666667,60.95238095,62.22222222,64,65,64.44444444,63.33333333,73.33333333,TRUE,65.33333333,64.9010989,69.98989899,73.88461538,80.95238095,85.80952381,87.55555556,92.14285714,100,100,TRUE,40.66666667,41.82051282,40.45299145,45.71678322,45.18181818,44.05555556,45.95238095,38.66666667,43.33333333,54.16666667,TRUE,0.466165414,0.483333333,0.5,0.559139785,0.585365854,0.584615385,0.588235294,0.578947368,0.592592593,0.75,-1940.173832,-2232.7732,-2017.530103,-2275.927261,2.77E-122,1.05E-184,3.37E-127,1.64E-189,967.9008589,1089.075136,1034.628236,1095.823914,4.77E-121,0,2.90E-126,1.58E-98,,,,,,,,,,,,,,,,,,,,,,,,,,,,,,,,,,,,,,,,,,,,,,,,,,,,,,,,,,,,,,,,
Sun Apr 22 23:06:28 2018,5,lstmHmm,/home/mlevin6/Desktop/cluster/cluster_sequences/KM_AU06_r_AU12_r_5/pairwise/every_frame,5555,results/152365511109,5,52.92473118,54.07407407,55,55.23809524,55.55555556,54.66666667,56.66666667,57.77777778,50,53.33333333,TRUE,58.66666667,60.75091575,61.51981352,61.25252525,61.05555556,59.04761905,59.9047619,65,62,75,TRUE,47.08333333,46.94505495,48.38161838,48.96969697,48.72222222,48.33333333,52.0952381,52,53.33333333,50,TRUE,0.503496503,0.507936508,0.526315789,0.525252525,0.512195122,0.514285714,0.535714286,0.536585366,0.482758621,0.533333333,-1576.758526,-1843.784827,-1679.774252,-1907.535768,3.10E-102,9.19E-95,8.66E-101,1.83E-99,868.9530672,972.6028417,948.7457742,941.6906996,5.36E-101,1.60E-93,7.45E-100,nan,,,,,,,,,,,,,,,,,,,,,,,,,,,,,,,,,,,,,,,,,,,,,,,,,,,,,,,,,,,,,,,,
Sun Apr 22 23:08:04 2018,5,lstmHmm,/home/mlevin6/Desktop/cluster/cluster_sequences/KM_AU06_r_AU12_r_5/default/every_frame,5555,results/152365416017,5,65.61290323,65.18518519,64.16666667,65.71428571,66.66666667,66.66666667,65,75.55555556,66.66666667,66.66666667,TRUE,70.66666667,71.04395604,70.60606061,70.87878788,72.07142857,75.4047619,72.16666667,83.80952381,75,83.33333333,TRUE,60.75,59.64835165,58.71794872,62.15617716,62.54545455,60.96031746,58.0952381,63.33333333,53.66666667,53.33333333,FALSE,0.638888889,0.635658915,0.638655462,0.666666667,0.680851064,0.675324675,0.631578947,0.744186047,0.6875,0.736842105,85.79732972,65.28510086,81.3503315,54.75498678,inf,inf,inf,inf,362.4730442,549.2140169,361.8841423,568.6081109,nan,nan,nan,3.06E-15,,,,,,,,,,,,,,,,,,,,,,,,,,,,,,,,,,,,,,,,,,,,,,,,,,,,,,,,,,,,,,,,
Sun Apr 22 23:09:40 2018,5,hmm,/home/mlevin6/Desktop/cluster/cluster_sequences/KM_AU06_r_AU12_r_5/default/every_frame,5555,results/152364602152,5,59.67741935,58.51851852,56.66666667,58.0952381,62.22222222,61.33333333,63.33333333,62.22222222,56.66666667,66.66666667,TRUE,69.33333333,69.94505495,70,71.6969697,74.50793651,77.3015873,77.33333333,77,79.33333333,90,TRUE,50.25,49.08424908,44.74358974,44.60606061,50.22727273,45,47.14285714,51,48.33333333,50,FALSE,0.554744526,0.548387097,0.509433962,0.531914894,0.575,0.53968254,0.576923077,0.564102564,0.48,0.545454545,-399.3185372,-362.2987844,-403.2356087,-363.5007899,4.56E-16,2.71E-17,3.69E-16,3.73E-16,202.8681019,193.4750994,203.3435427,193.1388941,3.97E-15,3.01E-16,3.18E-15,5.32E-125,,,,,,,,,,,,,,,,,,,,,,,,,,,,,,,,,,,,,,,,,,,,,,,,,,,,,,,,,,,,,,,,
Sun Apr 22 23:11:19 2018,6,hmm,/home/mlevin6/Desktop/cluster/cluster_sequences/KM_AU06_r_AU12_r_5/pairwise/every_frame,5555,results/152365937135,5,50.30107527,53.33333333,55,56.19047619,54.44444444,53.33333333,48.33333333,48.88888889,43.33333333,40,FALSE,53.33333333,55.93406593,61.81818182,64.02020202,59.84126984,63.57142857,65.33333333,73.33333333,60,33.33333333,FALSE,47.25,50.87912088,49.1025641,49.24242424,50.93434343,49.68253968,45.42857143,46.78571429,41.33333333,54.16666667,TRUE,0.489795918,0.519083969,0.534482759,0.54,0.549450549,0.567901235,0.523076923,0.530612245,0.484848485,0.526315789,-1784.340529,-2055.598261,-1868.806591,-2079.678274,2.61E-107,1.44E-125,2.03E-124,6.14E-126,929.8339503,1061.48031,1014.652943,1072.960217,4.51E-106,2.04E-124,1.75E-123,6.91E-108,,,,,,,,,,,,,,,,,,,,,,,,,,,,,,,,,,,,,,,,,,,,,,,,,,,,,,,,,,,,,,,,
Sun Apr 22 23:13:03 2018,6,lstmHmm,/home/mlevin6/Desktop/cluster/cluster_sequences/KM_AU06_r_AU12_r_5/pairwise/every_frame,5555,results/152366713997,5,56.21505376,55.55555556,57.5,59.04761905,60,57.33333333,60,57.77777778,56.66666667,66.66666667,TRUE,58.66666667,59.5970696,62.17948718,64.76767677,68.33333333,67.85714286,81,85.33333333,82,100,TRUE,53.58333333,51.24542125,52.42424242,53.98989899,51.77777778,45.35714286,42.5,40.33333333,40,43.33333333,FALSE,0.554054054,0.53125,0.548672566,0.574257426,0.571428571,0.515151515,0.555555556,0.536585366,0.551724138,0.666666667,-1393.368245,-1714.781293,-1469.306482,-1738.204826,4.89E-92,7.66E-90,1.22E-120,7.98E-109,863.2924109,995.1222933,943.4605507,1016.492732,8.46E-91,1.33E-88,1.05E-119,0,,,,,,,,,,,,,,,,,,,,,,,,,,,,,,,,,,,,,,,,,,,,,,,,,,,,,,,,,,,,,,,,
Sun Apr 22 23:14:39 2018,4,hmm,/home/mlevin6/Desktop/cluster/cluster_sequences/KM_AU06_r_AU12_r_5/pairwise/every_frame,6666,results/152367219479,5,60.88172043,59.25925926,60,61.9047619,63.33333333,58.66666667,56.66666667,57.77777778,56.66666667,66.66666667,TRUE,62.66666667,61.6996337,63.01864802,67.63636364,68.47474747,62.82539683,60.23809524,65.33333333,61.66666667,66.66666667,TRUE,58.91666667,56.57509158,56.25874126,55.63636364,55.9047619,53,52,46.33333333,46.66666667,62.5,TRUE,0.604026846,0.580152672,0.586206897,0.591836735,0.602409639,0.575342466,0.551724138,0.558139535,0.551724138,0.705882353,-2193.180615,-2494.561889,-2288.632613,-2547.465921,1.37E-130,3.26E-302,2.10E-132,0,998.2848846,1089.781446,1064.785117,1081.48955,2.18E-129,0,1.81E-131,3.06E-15,,,,,,,,,,,,,,,,,,,,,,,,,,,,,,,,,,,,,,,,,,,,,,,,,,,,,,,,,,,,,,,,
Sun Apr 22 23:16:14 2018,4,hmm,/home/mlevin6/Desktop/cluster/cluster_sequences/KM_AU06_r_AU12_r_5/default/every_frame,6666,results/152366735677,5,66.27956989,66.66666667,66.66666667,67.61904762,65.55555556,64,63.33333333,60,56.66666667,60,FALSE,64,65.38461538,69.02597403,72.72727273,71.5,72.53968254,77.9047619,75,80,80,TRUE,68.66666667,67.8021978,63.41025641,62.11111111,57.5,52.11904762,46.76190476,43,26.66666667,30,FALSE,0.670967742,0.671532847,0.655172414,0.653061224,0.607594937,0.557377049,0.541666667,0.526315789,0.434782609,0.4,-480.279631,-507.7569465,-484.8540933,-511.8490612,1.71E-27,2.71E-17,1.29E-27,3.72E-16,265.2734766,369.7350662,266.1330467,379.6551092,2.69E-26,3.01E-16,1.11E-26,inf,,,,,,,,,,,,,,,,,,,,,,,,,,,,,,,,,,,,,,,,,,,,,,,,,,,,,,,,,,,,,,,,
Sun Apr 22 23:17:49 2018,4,lstmHmm,/home/mlevin6/Desktop/cluster/cluster_sequences/KM_AU06_r_AU12_r_5/default/every_frame,6666,results/152367886414,5,52.34408602,52.59259259,53.33333333,53.33333333,52.22222222,57.33333333,58.33333333,55.55555556,60,66.66666667,TRUE,49.33333333,48.82783883,52.48717949,52.16161616,48.97619048,51.9047619,52.95238095,52.66666667,70,100,TRUE,55.33333333,56.93040293,55.75757576,55.45454545,56.7020202,65.27777778,60.66666667,55.33333333,52,46.66666667,FALSE,0.538461538,0.549295775,0.555555556,0.558558559,0.556701031,0.609756098,0.615384615,0.6,0.647058824,0.705882353,-170.4758358,-221.4312284,-244.6607578,-261.0469355,inf,inf,9.50E+161,1.84E+242,331.3508264,482.036211,312.4143863,442.8836882,nan,nan,inf,0,,,,,,,,,,,,,,,,,,,,,,,,,,,,,,,,,,,,,,,,,,,,,,,,,,,,,,,,,,,,,,,,
Sun Apr 22 23:19:24 2018,4,lstmHmm,/home/mlevin6/Desktop/cluster/cluster_sequences/KM_AU06_r_AU12_r_5/pairwise/every_frame,6666,results/152368281222,5,56.90322581,56.2962963,55.83333333,58.0952381,56.66666667,56,55,55.55555556,56.66666667,60,TRUE,57.33333333,57.17948718,56.93706294,56.48989899,53.65079365,56.19047619,51.28571429,58.66666667,80,87.5,TRUE,56.33333333,55.71428571,53.6963037,56.69230769,55.47474747,53.94444444,54.02380952,54.66666667,43.33333333,50,FALSE,0.569536424,0.575539568,0.576,0.614035088,0.606060606,0.602409639,0.584615385,0.583333333,0.518518519,0.4,-1829.876985,-2139.833652,-1914.258914,-2189.365011,1.43E-112,9.03E-242,7.70E-117,4.95E-260,901.547591,948.5701578,985.2362633,964.1395322,2.44E-111,0,6.63E-116,1.11E-05,,,,,,,,,,,,,,,,,,,,,,,,,,,,,,,,,,,,,,,,,,,,,,,,,,,,,,,,,,,,,,,,
Sun Apr 22 23:21:01 2018,6,hmm,/home/mlevin6/Desktop/cluster/cluster_sequences/KM_AU06_r_AU12_r_5/default/every_frame,5555,results/152365571549,5,52.96774194,54.07407407,56.66666667,57.14285714,57.77777778,60,63.33333333,66.66666667,70,60,TRUE,32,31.57509158,33.05128205,28.48484848,30.44444444,25.71428571,20.66666667,22.66666667,20,20,FALSE,73.5,75.97069597,78.2034632,86.46464646,88.33333333,90,93.80952381,96.66666667,100,100,TRUE,0.612021858,0.62195122,0.648648649,0.661654135,0.666666667,0.705882353,0.744186047,0.769230769,0.8,0.666666667,-436.9085525,-443.9356686,-448.9087308,-428.1072551,4.68E-16,1.30E-07,9.80E-21,1.71E-06,243.7826027,331.7412018,254.6720507,276.8223346,5.28E-15,1.73E-06,8.43E-20,nan,,,,,,,,,,,,,,,,,,,,,,,,,,,,,,,,,,,,,,,,,,,,,,,,,,,,,,,,,,,,,,,,
Sun Apr 22 23:22:37 2018,6,lstmHmm,/home/mlevin6/Desktop/cluster/cluster_sequences/KM_AU06_r_AU12_r_5/default/every_frame,5555,results/152366673806,5,55.03225806,57.77777778,59.16666667,60.95238095,58.88888889,57.33333333,56.66666667,60,53.33333333,40,FALSE,49.33333333,52.08791209,54.55011655,54.55011655,51.42857143,53.5,49.76190476,53.66666667,40,25,FALSE,60.83333333,63.40659341,62.64901765,68.54079254,67.09090909,63.57142857,64.26190476,65.57142857,59,43.33333333,FALSE,0.575,0.601398601,0.614173228,0.637168142,0.626262626,0.609756098,0.617647059,0.666666667,0.631578947,0.526315789,206.5064947,196.4961498,178.0540265,161.5714012,inf,inf,inf,inf,352.6094184,543.2825542,359.6405898,599.1924505,nan,nan,nan,1.12E-143,,,,,,,,,,,,,,,,,,,,,,,,,,,,,,,,,,,,,,,,,,,,,,,,,,,,,,,,,,,,,,,,
Sun Apr 22 23:24:14 2018,5,hmm,/home/mlevin6/Desktop/cluster/cluster_sequences/KM_AU06_r_AU12_r_5/pairwise/every_frame,6666,results/15236858139,5,49.69892473,51.11111111,50.83333333,46.66666667,46.66666667,45.33333333,43.33333333,37.77777778,46.66666667,66.66666667,TRUE,52,55.53113553,52.63636364,46.98989899,44.23809524,45.71428571,44,31.33333333,45.83333333,50,FALSE,47.08333333,47.32600733,49.19413919,44.90909091,44.2020202,43.33333333,43.0952381,38,48.33333333,70,TRUE,0.486486486,0.5,0.520325203,0.481481481,0.489361702,0.467532468,0.484848485,0.461538462,0.578947368,0.761904762,-1954.264931,-2250.344771,-2100.766532,-2285.26021,1.14E-112,3.37E-118,4.28E-138,1.29E-144,995.6346079,1126.265161,1111.275731,1190.62107,1.97E-111,5.87E-117,3.68E-137,0,,,,,,,,,,,,,,,,,,,,,,,,,,,,,,,,,,,,,,,,,,,,,,,,,,,,,,,,,,,,,,,,
Sun Apr 22 23:25:52 2018,5,lstmHmm,/home/mlevin6/Desktop/cluster/cluster_sequences/KM_AU06_r_AU12_r_5/pairwise/every_frame,6666,results/152369193357,5,59.5483871,60.74074074,59.16666667,60.95238095,60,61.33333333,61.66666667,57.77777778,50,53.33333333,FALSE,57.33333333,59.94338994,58.61538462,60.76767677,61.78571429,64.8015873,70.66666667,67.66666667,69,83.33333333,TRUE,61.58333333,60.246337,57.95204795,59.45454545,57.43434343,55.91269841,52.26190476,54,56.66666667,45.83333333,FALSE,0.606451613,0.618705036,0.601626016,0.623853211,0.608695652,0.602739726,0.610169492,0.558139535,0.444444444,0.533333333,-1602.987475,-1920.786,-1694.175424,-1945.272398,1.26E-82,5.15E-138,7.13E-75,7.68E-180,931.1646593,1058.570386,1047.135143,1085.009332,2.18E-81,8.97E-137,6.13E-74,nan,,,,,,,,,,,,,,,,,,,,,,,,,,,,,,,,,,,,,,,,,,,,,,,,,,,,,,,,,,,,,,,,
Sun Apr 22 23:27:28 2018,5,lstmHmm,/home/mlevin6/Desktop/cluster/cluster_sequences/KM_AU06_r_AU12_r_5/default/every_frame,6666,results/152368702402,5,66.30107527,66.66666667,65,65.71428571,66.66666667,68,65,73.33333333,73.33333333,86.66666667,TRUE,68,70.25641026,69.24009324,70.87878788,69.02958153,73.69047619,68.16666667,78.80952381,75,100,TRUE,64.58333333,63.52380952,61.69164169,62.15617716,62.73304473,62.46031746,60.95238095,63.33333333,62,83.33333333,TRUE,0.657718121,0.666666667,0.65,0.666666667,0.673913043,0.684210526,0.644067797,0.727272727,0.75,0.9,85.56636765,64.85215122,74.48753754,1.636458844,inf,inf,inf,inf,362.6832228,551.2627205,380.402809,763.9329428,nan,nan,nan,7.65E-159,,,,,,,,,,,,,,,,,,,,,,,,,,,,,,,,,,,,,,,,,,,,,,,,,,,,,,,,,,,,,,,,
Sun Apr 22 23:29:07 2018,6,hmm,/home/mlevin6/Desktop/cluster/cluster_sequences/KM_AU06_r_AU12_r_5/pairwise/every_frame,6666,results/15236961398,5,53.67741935,55.55555556,54.16666667,56.19047619,56.66666667,58.66666667,56.66666667,60,53.33333333,66.66666667,TRUE,62.66666667,66.61172161,63.71794872,65.34343434,67.18253968,71.4047619,65.14285714,68,73.33333333,100,TRUE,44.66666667,44.76190476,43.22510823,45.63636364,44.37878788,46.93650794,46.14285714,53.33333333,48.33333333,40,FALSE,0.492753623,0.508196721,0.495412844,0.510638298,0.518518519,0.550724638,0.551724138,0.608695652,0.5,0.615384615,-1757.910342,-2031.368226,-1832.209753,-2074.258212,1.52E-120,1.59E-164,2.99E-129,8.84E-160,916.8212348,1059.804898,1001.218877,1083.22548,2.02E-119,0,2.57E-128,3.06E-15,,,,,,,,,,,,,,,,,,,,,,,,,,,,,,,,,,,,,,,,,,,,,,,,,,,,,,,,,,,,,,,,
Sun Apr 22 23:30:44 2018,5,hmm,/home/mlevin6/Desktop/cluster/cluster_sequences/KM_AU06_r_AU12_r_5/default/every_frame,6666,results/152368550971,5,55.05376344,53.33333333,54.16666667,52.38095238,53.33333333,49.33333333,48.33333333,48.88888889,43.33333333,66.66666667,TRUE,68,69.38461538,73.08658009,75.5,77.77777778,74.28571429,74,75,76.66666667,100,TRUE,42.5,36.9047619,35.34798535,31.60839161,30.3030303,27,30.47619048,32,28.33333333,30,FALSE,0.484848485,0.452173913,0.444444444,0.418604651,0.4,0.366666667,0.392156863,0.41025641,0.37037037,0.545454545,-399.3185357,-362.2982857,-403.2357736,-363.5005477,4.56E-16,2.71E-17,3.69E-16,3.72E-16,202.8684761,193.4753287,203.3439115,193.1388388,3.97E-15,3.01E-16,3.17E-15,1.58E-74,,,,,,,,,,,,,,,,,,,,,,,,,,,,,,,,,,,,,,,,,,,,,,,,,,,,,,,,,,,,,,,,
Sun Apr 22 23:32:22 2018,6,lstmHmm,/home/mlevin6/Desktop/cluster/cluster_sequences/KM_AU06_r_AU12_r_5/pairwise/every_frame,6666,results/152370575211,5,52.27956989,53.33333333,54.16666667,58.0952381,56.66666667,57.33333333,60,62.22222222,60,60,TRUE,60,62.85714286,65.84848485,71.7979798,72.47619048,77.58730159,76.76190476,82,92,100,TRUE,44.5,44.17582418,45.31135531,47.75757576,45.22727273,43.61111111,47.71428571,49,40,40,FALSE,0.485714286,0.487804878,0.513274336,0.551020408,0.541176471,0.529411765,0.555555556,0.564102564,0.571428571,0.571428571,-1391.470817,-1668.247171,-1463.439658,-1699.986633,4.26E-61,2.60E-68,9.53E-64,1.83E-75,889.1187849,1022.595516,981.232531,1041.456333,7.36E-60,3.80E-67,8.20E-63,nan,,,,,,,,,,,,,,,,,,,,,,,,,,,,,,,,,,,,,,,,,,,,,,,,,,,,,,,,,,,,,,,,
Sun Apr 22 23:34:01 2018,6,lstmHmm,/home/mlevin6/Desktop/cluster/cluster_sequences/KM_AU06_r_AU12_r_5/default/every_frame,6666,results/152369974307,5,62.34408602,62.96296296,65,63.80952381,63.33333333,69.33333333,71.66666667,71.11111111,70,66.66666667,TRUE,58.66666667,59.89010989,60.59440559,61.02020202,58.91558442,59.05555556,58.73809524,61.14285714,63.33333333,50,FALSE,65.91666667,65.93406593,70.05827506,67.35353535,66.47402597,79.17460317,74.25396825,73.33333333,73.33333333,63.33333333,FALSE,0.636942675,0.642857143,0.666666667,0.648148148,0.64516129,0.716049383,0.738461538,0.723404255,0.709677419,0.736842105,185.733293,199.3719027,165.2918373,159.3638594,inf,inf,inf,inf,310.5636471,460.084944,298.394065,531.0433402,nan,nan,nan,0,,,,,,,,,,,,,,,,,,,,,,,,,,,,,,,,,,,,,,,,,,,,,,,,,,,,,,,,,,,,,,,,
Sun Apr 22 23:35:37 2018,4,hmm,/home/mlevin6/Desktop/cluster/cluster_sequences/KM_AU06_r_AU12_r_5/pairwise/every_frame,7777,results/152371145664,5,56.92473118,55.55555556,55.83333333,56.19047619,56.66666667,57.33333333,55,53.33333333,56.66666667,53.33333333,FALSE,70.66666667,69.72161172,73.31468531,75.21212121,75.83333333,76.26190476,74.76190476,73.33333333,79.33333333,80,TRUE,43.25,41.08058608,35.41958042,34.84848485,36,38.5952381,35.52380952,28,33.33333333,33.33333333,FALSE,0.503816794,0.473684211,0.430107527,0.425,0.450704225,0.466666667,0.425531915,0.322580645,0.380952381,0.363636364,-2177.034125,-2442.366238,-2264.507148,-2475.303033,1.08E-136,3.42E-149,6.79E-128,8.10E-205,1089.126395,1200.544299,1175.313328,1198.118865,1.58E-135,5.96E-148,5.84E-127,3.16E-15,,,,,,,,,,,,,,,,,,,,,,,,,,,,,,,,,,,,,,,,,,,,,,,,,,,,,,,,,,,,,,,,
Sun Apr 22 23:37:13 2018,6,hmm,/home/mlevin6/Desktop/cluster/cluster_sequences/KM_AU06_r_AU12_r_5/default/every_frame,6666,results/152369223455,5,56.38709677,55.55555556,59.16666667,59.04761905,57.77777778,57.33333333,61.66666667,68.88888889,70,66.66666667,TRUE,44,39.61904762,42.4025974,39.13636364,35.15873016,34.16666667,33.23809524,41.66666667,12.5,0,FALSE,68.58333333,71.69230769,76.15384615,76.75524476,77.83838384,76.98412698,86.83333333,89.5,87.66666667,83.33333333,TRUE,0.611764706,0.615384615,0.647482014,0.661417323,0.660714286,0.659574468,0.708860759,0.787878788,0.816326531,0.8,-397.2673567,-360.7548779,-401.5314642,-362.0975956,5.04E-16,2.70E-17,3.53E-16,3.84E-16,202.2216175,193.1468154,202.8792842,192.5477181,4.43E-15,3.00E-16,3.04E-15,0,,,,,,,,,,,,,,,,,,,,,,,,,,,,,,,,,,,,,,,,,,,,,,,,,,,,,,,,,,,,,,,,
Sun Apr 22 23:38:47 2018,4,lstmHmm,/home/mlevin6/Desktop/cluster/cluster_sequences/KM_AU06_r_AU12_r_5/pairwise/every_frame,7777,results/152371944303,5,50.27956989,54.81481481,53.33333333,53.33333333,52.22222222,52,55,60,56.66666667,46.66666667,FALSE,60,64.99267399,65.41591742,65.36441336,62.87878788,56.45238095,68.33333333,66.66666667,72,100,TRUE,40.5,44.46520147,40.27072927,38.37878788,40.65223665,43.8968254,39.16666667,41.5,36,30,FALSE,0.452554745,0.495867769,0.461538462,0.449438202,0.481927711,0.513513514,0.526315789,0.608695652,0.551724138,0.5,-1807.915599,-2112.020691,-1900.045725,-2154.629135,5.32E-122,3.94E-174,8.11E-127,1.51E-176,955.3462454,1062.103086,1045.173508,1068.943535,9.18E-121,0,6.97E-126,nan,,,,,,,,,,,,,,,,,,,,,,,,,,,,,,,,,,,,,,,,,,,,,,,,,,,,,,,,,,,,,,,,
Sun Apr 22 23:40:22 2018,4,lstmHmm,/home/mlevin6/Desktop/cluster/cluster_sequences/KM_AU06_r_AU12_r_5/default/every_frame,7777,results/152371842235,5,50.30107527,47.40740741,46.66666667,49.52380952,51.11111111,52,48.33333333,48.88888889,56.66666667,60,TRUE,52,47.47252747,47.27272727,51.03030303,48.19047619,49.52380952,37.95238095,30.33333333,30,30,FALSE,48.75,48.02197802,46.1025641,48.36363636,52.42424242,53.97186147,53.95238095,57.9047619,76.66666667,90,TRUE,0.496644295,0.474074074,0.457627119,0.495238095,0.52173913,0.538461538,0.537313433,0.581818182,0.666666667,0.7,-166.381988,-218.6626209,-241.3526629,-243.6106327,inf,inf,inf,inf,439.6991348,621.8298105,408.8403171,557.4424274,nan,nan,nan,3.06E-15,,,,,,,,,,,,,,,,,,,,,,,,,,,,,,,,,,,,,,,,,,,,,,,,,,,,,,,,,,,,,,,,
Sun Apr 22 23:41:56 2018,4,hmm,/home/mlevin6/Desktop/cluster/cluster_sequences/KM_AU06_r_AU12_r_5/default/every_frame,7777,results/152370696013,5,64.94623656,65.18518519,66.66666667,66.66666667,65.55555556,65.33333333,66.66666667,73.33333333,63.33333333,66.66666667,TRUE,65.33333333,66.46520147,71.02097902,70.55555556,68.11688312,69.56349206,73.5,87.14285714,75,83.33333333,TRUE,64.66666667,64.00732601,62.997003,62.22222222,62.38961039,57.53968254,58.57142857,61.33333333,52.66666667,56.66666667,FALSE,0.649006623,0.656934307,0.672131148,0.672897196,0.666666667,0.638888889,0.655172414,0.714285714,0.666666667,0.705882353,-480.2796301,-507.7563712,-484.85414,-511.8488311,1.71E-27,2.71E-17,1.30E-27,3.72E-16,265.2737403,369.735428,266.1338588,379.6555129,2.70E-26,3.01E-16,1.11E-26,0,,,,,,,,,,,,,,,,,,,,,,,,,,,,,,,,,,,,,,,,,,,,,,,,,,,,,,,,,,,,,,,,
Sun Apr 22 23:43:32 2018,5,lstmHmm,/home/mlevin6/Desktop/cluster/cluster_sequences/KM_AU06_r_AU12_r_5/pairwise/every_frame,7777,results/152372491376,5,54.88172043,57.77777778,58.33333333,58.0952381,60,60,61.66666667,64.44444444,63.33333333,66.66666667,TRUE,54.66666667,57.53846154,57.58297258,55.33333333,55.04761905,57.76190476,64.33333333,69.33333333,85,100,TRUE,54.91666667,56.80952381,56.58974359,58.13131313,61.1969697,58.93650794,57.73809524,61.66666667,55,50,FALSE,0.552631579,0.583941606,0.590163934,0.6,0.625,0.634146341,0.646153846,0.652173913,0.64516129,0.666666667,-1606.754355,-1902.590872,-1687.132802,-1926.783364,1.89E-114,6.21E-99,1.17E-128,1.09E-172,899.581732,1036.200717,984.3640603,1072.539854,3.27E-113,1.08E-97,1.00E-127,0,,,,,,,,,,,,,,,,,,,,,,,,,,,,,,,,,,,,,,,,,,,,,,,,,,,,,,,,,,,,,,,,
Sun Apr 22 23:45:09 2018,5,hmm,/home/mlevin6/Desktop/cluster/cluster_sequences/KM_AU06_r_AU12_r_5/pairwise/every_frame,7777,results/15237224435,5,50.23655914,52.59259259,50.83333333,53.33333333,52.22222222,53.33333333,53.33333333,46.66666667,40,60,TRUE,58.66666667,58.57142857,58.02031302,59.77777778,60.55555556,58.41269841,57.78571429,55.33333333,54.66666667,86.66666667,TRUE,41.91666667,46.15384615,43.83449883,46.41414141,46.72222222,49.83333333,54.85714286,50,36.66666667,50,TRUE,0.460431655,0.475409836,0.448598131,0.484210526,0.469135802,0.461538462,0.5,0.428571429,0.357142857,0.571428571,-1961.958475,-2243.902262,-2064.526381,-2284.786842,1.92E-120,6.45E-226,9.21E-131,1.26E-243,965.8145273,1070.958645,1069.493933,1082.060407,3.32E-119,0,7.92E-130,nan,,,,,,,,,,,,,,,,,,,,,,,,,,,,,,,,,,,,,,,,,,,,,,,,,,,,,,,,,,,,,,,,
Sun Apr 22 23:46:44 2018,5,lstmHmm,/home/mlevin6/Desktop/cluster/cluster_sequences/KM_AU06_r_AU12_r_5/default/every_frame,7777,results/152372418638,5,64.96774194,65.92592593,65.83333333,65.71428571,67.77777778,69.33333333,66.66666667,73.33333333,70,73.33333333,TRUE,66.66666667,69.37728938,71.15151515,70.87878788,70.48412698,74.64285714,68.16666667,75.80952381,68.33333333,83.33333333,TRUE,63.25,62.31501832,60.80586081,62.15617716,64.16161616,64.4047619,63.80952381,65.33333333,62,63.33333333,TRUE,0.644295302,0.651515152,0.655462185,0.666666667,0.688172043,0.693333333,0.666666667,0.727272727,0.727272727,0.8,85.79659701,64.74240547,74.58345835,1.306240943,inf,inf,inf,inf,362.4700807,549.9453697,380.0439834,763.1199014,nan,nan,nan,8.57E-157,,,,,,,,,,,,,,,,,,,,,,,,,,,,,,,,,,,,,,,,,,,,,,,,,,,,,,,,,,,,,,,,
Sun Apr 22 23:48:20 2018,6,hmm,/home/mlevin6/Desktop/cluster/cluster_sequences/KM_AU06_r_AU12_r_5/pairwise/every_frame,7777,results/152373213455,5,54.23655914,57.03703704,59.16666667,56.19047619,58.88888889,60,63.33333333,62.22222222,60,60,TRUE,61.33333333,64.54212454,69.3030303,65.61616162,71.16666667,72.26190476,72.83333333,65.33333333,71.66666667,73.33333333,TRUE,47,49.71428571,48.91941392,48.18181818,48.27777778,50.27777778,59.76190476,61.28571429,59,50,TRUE,0.510638298,0.546875,0.566371681,0.54,0.543209877,0.571428571,0.620689655,0.622222222,0.6,0.4,-1787.786012,-2085.12715,-1810.623572,-2114.399189,2.39E-106,3.76E-135,2.22E-104,9.90E-158,983.5643893,1045.208514,1036.779851,1109.852282,4.14E-105,6.55E-134,1.79E-103,2.50E-15,,,,,,,,,,,,,,,,,,,,,,,,,,,,,,,,,,,,,,,,,,,,,,,,,,,,,,,,,,,,,,,,
Sun Apr 22 23:49:56 2018,5,hmm,/home/mlevin6/Desktop/cluster/cluster_sequences/KM_AU06_r_AU12_r_5/default/every_frame,7777,results/152372107567,5,60.30107527,60.74074074,63.33333333,61.9047619,62.22222222,61.33333333,65,66.66666667,63.33333333,66.66666667,TRUE,54.66666667,53.51282051,55.08158508,52.94017094,55.55555556,52.77777778,53.5,57.14285714,55,62.5,TRUE,66.16666667,66,70.13986014,66.74242424,68.16666667,65.71428571,64.04761905,65.71428571,64,60,FALSE,0.625,0.634482759,0.661538462,0.649122807,0.645833333,0.641975309,0.676923077,0.693877551,0.702702703,0.736842105,-474.1985023,-502.2887557,-479.2366884,-505.9225978,4.69E-21,4.99E-11,9.78E-21,3.04E-16,266.3442447,370.6327165,267.9087397,380.4495783,6.97E-20,4.74E-10,8.41E-20,nan,,,,,,,,,,,,,,,,,,,,,,,,,,,,,,,,,,,,,,,,,,,,,,,,,,,,,,,,,,,,,,,,
Sun Apr 22 23:51:33 2018,6,lstmHmm,/home/mlevin6/Desktop/cluster/cluster_sequences/KM_AU06_r_AU12_r_5/default/every_frame,7777,results/152373397757,5,52.40860215,54.81481481,55.83333333,57.14285714,56.66666667,56,58.33333333,60,56.66666667,46.66666667,FALSE,56,61.26373626,62.63170163,62.86324786,62.66666667,64.37301587,75.52380952,76.33333333,72.66666667,62.5,TRUE,49,49.58241758,48.45654346,51.51515152,51.94444444,49.28571429,45.11904762,47.23809524,37,33.33333333,FALSE,0.506849315,0.527131783,0.530973451,0.536082474,0.551724138,0.52173913,0.528301887,0.55,0.518518519,0.5,206.6451928,207.6086772,201.3360023,202.5785168,inf,inf,inf,inf,325.5104242,507.6010839,325.0959118,516.314712,nan,nan,nan,6.85E-98,,,,,,,,,,,,,,,,,,,,,,,,,,,,,,,,,,,,,,,,,,,,,,,,,,,,,,,,,,,,,,,,
Sun Apr 22 23:53:11 2018,6,lstmHmm,/home/mlevin6/Desktop/cluster/cluster_sequences/KM_AU06_r_AU12_r_5/pairwise/every_frame,7777,results/152374861657,5,55.59139785,56.2962963,57.5,56.19047619,58.88888889,57.33333333,58.33333333,60,66.66666667,73.33333333,TRUE,52,52.38095238,52.43589744,52.36363636,56.16666667,56.66666667,60.16666667,61.42857143,85.41666667,100,TRUE,58.91666667,58.63736264,62.72727273,61.6969697,59.77777778,56.50793651,53.45238095,55.52380952,55,50,FALSE,0.573248408,0.581560284,0.592,0.574074074,0.602150538,0.58974359,0.603174603,0.64,0.705882353,0.75,-1410.048562,-1720.381966,-1491.576236,-1759.363037,2.99E-90,8.72E-87,9.76E-87,7.91E-99,845.9077533,1008.965001,929.6206332,1024.609116,5.18E-89,1.52E-85,8.40E-86,4.16E-10,,,,,,,,,,,,,,,,,,,,,,,,,,,,,,,,,,,,,,,,,,,,,,,,,,,,,,,,,,,,,,,,
Sun Apr 22 23:54:47 2018,6,hmm,/home/mlevin6/Desktop/cluster/cluster_sequences/KM_AU06_r_AU12_r_5/default/every_frame,7777,results/152372960846,5,56.30107527,59.25925926,61.66666667,61.9047619,63.33333333,60,66.66666667,64.44444444,70,73.33333333,TRUE,57.33333333,57.96703297,61.87412587,63.5,62.88888889,59.64285714,62,56.33333333,60,75,TRUE,55.25,60.26373626,60.43956044,59.3006993,61.66666667,58.17460317,69.04761905,72.66666667,73.33333333,62.5,TRUE,0.56,0.598540146,0.62295082,0.615384615,0.637362637,0.615384615,0.696969697,0.68,0.727272727,0.75,-392.4626581,-355.4139743,-396.4560588,-357.0553337,6.91E-16,2.05E-07,6.17E-16,5.58E-11,203.0977756,194.5147529,203.9257428,194.5322937,5.94E-15,2.71E-06,5.30E-15,inf,,,,,,,,,,,,,,,,,,,,,,,,,,,,,,,,,,,,,,,,,,,,,,,,,,,,,,,,,,,,,,,,
Sun Apr 22 23:56:24 2018,4,lstmHmm,/home/mlevin6/Desktop/cluster/cluster_sequences/KM_AU06_r_AU12_r_5/default/every_frame,8888,results/152375302729,5,52.98924731,53.33333333,56.66666667,56.19047619,61.11111111,64,65,64.44444444,70,73.33333333,TRUE,52,49.45054945,56.63869464,53.19191919,58,59.16666667,60.95238095,69.33333333,60,75,TRUE,53.91666667,56.49084249,57.03962704,58.09090909,63.63636364,70.5952381,65.23809524,56.33333333,56,63.33333333,TRUE,0.535947712,0.553191489,0.580645161,0.581818182,0.623655914,0.649350649,0.655737705,0.636363636,0.709677419,0.777777778,-172.7005821,-219.6175843,-215.7007132,-251.7408077,1.62E+199,7.72E+251,1.23E+117,6.57E+226,251.0713117,380.8449334,246.7377304,376.6913473,inf,inf,1.06E+118,0,,,,,,,,,,,,,,,,,,,,,,,,,,,,,,,,,,,,,,,,,,,,,,,,,,,,,,,,,,,,,,,,
Sun Apr 22 23:58:00 2018,4,lstmHmm,/home/mlevin6/Desktop/cluster/cluster_sequences/KM_AU06_r_AU12_r_5/pairwise/every_frame,8888,results/152375538375,5,54.25806452,56.2962963,55,54.28571429,54.44444444,56,58.33333333,57.77777778,60,60,TRUE,57.33333333,60.43956044,60.38461538,60.60606061,63.44444444,66.07142857,69.14285714,68,76.66666667,91.66666667,TRUE,51.08333333,51.86813187,48.63636364,46.88888889,46.22222222,46.07142857,49.14285714,53.33333333,60,37.5,FALSE,0.530612245,0.542635659,0.509090909,0.489361702,0.506024096,0.507462687,0.528301887,0.536585366,0.6,0.5,-1824.222935,-2143.068046,-1914.546154,-2171.49426,6.12E-127,1.45E-211,5.51E-128,6.20E-251,940.574237,1051.872286,1013.906565,1062.338834,1.06E-125,0,4.74E-127,0,,,,,,,,,,,,,,,,,,,,,,,,,,,,,,,,,,,,,,,,,,,,,,,,,,,,,,,,,,,,,,,,
Sun Apr 22 23:59:39 2018,4,hmm,/home/mlevin6/Desktop/cluster/cluster_sequences/KM_AU06_r_AU12_r_5/pairwise/every_frame,8888,results/15237523674,5,52.94623656,52.59259259,55,55.23809524,57.77777778,54.66666667,58.33333333,64.44444444,66.66666667,66.66666667,TRUE,50.66666667,50.04761905,56.08391608,60.84776335,63.58730159,57.28571429,57.28571429,63.33333333,76.66666667,83.33333333,TRUE,55,53.56776557,52.06793207,48.84859585,51.86635587,51.71428571,57.64285714,62.66666667,60,60,TRUE,0.541935484,0.536231884,0.557377049,0.560747664,0.595744681,0.575,0.626865672,0.666666667,0.666666667,0.666666667,-2174.612474,-2485.501472,-2269.267458,-2542.435292,5.88E-112,2.18E-298,1.21E-119,1.0039507791520249e-313,1020.771011,1066.410142,1060.967534,1114.079227,1.02E-110,0,1.04E-118,0,,,,,,,,,,,,,,,,,,,,,,,,,,,,,,,,,,,,,,,,,,,,,,,,,,,,,,,,,,,,,,,,
Mon Apr 23 00:01:15 2018,5,hmm,/home/mlevin6/Desktop/cluster/cluster_sequences/KM_AU06_r_AU12_r_5/pairwise/every_frame,8888,results/152375877596,5,51.59139785,50.37037037,50.83333333,54.28571429,56.66666667,57.33333333,60,53.33333333,50,60,TRUE,57.33333333,56.84615385,58.93328893,64.4017094,73.65079365,76.38095238,80.47619048,74.0952381,53.75,88.88888889,TRUE,45.83333333,43.23809524,42.27039627,44.44444444,44.79076479,41.32905983,39.36363636,38.33333333,43.33333333,45.83333333,FALSE,0.48951049,0.472440945,0.477876106,0.52,0.551724138,0.555555556,0.586206897,0.533333333,0.545454545,0.625,-1979.472294,-2282.886819,-2055.462845,-2299.123754,2.34E-123,6.59E-209,2.76E-133,7.32E-261,983.6262767,1080.372444,1040.716246,1130.402795,4.04E-122,0,2.37E-132,nan,,,,,,,,,,,,,,,,,,,,,,,,,,,,,,,,,,,,,,,,,,,,,,,,,,,,,,,,,,,,,,,,
Mon Apr 23 00:03:00 2018,5,lstmHmm,/home/mlevin6/Desktop/cluster/cluster_sequences/KM_AU06_r_AU12_r_5/default/every_frame,8888,results/152375932239,5,62.27956989,63.7037037,64.16666667,62.85714286,63.33333333,64,63.33333333,64.44444444,53.33333333,33.33333333,FALSE,73.33333333,78.6996337,78.39160839,77.57575758,82.42063492,89.64285714,93.5,97.14285714,93.75,83.33333333,TRUE,51.25,49.67032967,49.83682984,48.55555556,44.89393939,40.11904762,36.19047619,39.33333333,28.33333333,20,FALSE,0.577777778,0.588235294,0.582524272,0.571428571,0.56,0.542372881,0.5,0.529411765,0.416666667,0.285714286,85.79551558,65.04538194,78.32443989,30.80796874,inf,inf,inf,inf,362.4829063,549.5394111,368.9961077,638.3412701,nan,nan,nan,0,,,,,,,,,,,,,,,,,,,,,,,,,,,,,,,,,,,,,,,,,,,,,,,,,,,,,,,,,,,,,,,,
Mon Apr 23 00:04:36 2018,5,lstmHmm,/home/mlevin6/Desktop/cluster/cluster_sequences/KM_AU06_r_AU12_r_5/pairwise/every_frame,8888,results/152376803247,5,53.59139785,54.81481481,55.83333333,59.04761905,57.77777778,56,58.33333333,64.44444444,66.66666667,60,TRUE,54.66666667,57.24908425,61.11888112,61.29292929,61.61111111,56.07142857,60,67.66666667,83.33333333,80,TRUE,52.5,53.36996337,50.86247086,55.72727273,51.55555556,54.04761905,54.76190476,57.66666667,51.66666667,40,FALSE,0.533333333,0.541353383,0.539130435,0.582524272,0.558139535,0.56,0.590163934,0.652173913,0.6875,0.571428571,-1616.063568,-1891.186296,-1701.781135,-1945.140175,7.23E-112,3.52E-163,5.07E-115,4.06E-223,854.6709748,959.1121528,978.6345977,992.7909873,1.25E-110,6.29E-162,4.36E-114,2.92E-15,,,,,,,,,,,,,,,,,,,,,,,,,,,,,,,,,,,,,,,,,,,,,,,,,,,,,,,,,,,,,,,,
Mon Apr 23 00:06:16 2018,4,hmm,/home/mlevin6/Desktop/cluster/cluster_sequences/KM_AU06_r_AU12_r_5/default/every_frame,8888,results/152374869854,5,63.61290323,65.18518519,65,64.76190476,62.22222222,61.33333333,61.66666667,68.88888889,63.33333333,80,TRUE,60,60.53113553,63.75180375,64.6969697,64.34920635,60.47619048,61.33333333,72,73.33333333,100,TRUE,67.33333333,69.94139194,66.66666667,67.69230769,62.65151515,62.02380952,61.9047619,67,60,73.33333333,TRUE,0.649681529,0.675862069,0.671875,0.672566372,0.630434783,0.623376623,0.646153846,0.72,0.685714286,0.842105263,-493.3906484,-528.3284242,-494.0576255,-536.0835011,8.80E-29,2.76E-17,1.16E-27,3.55E-16,273.4258843,399.1958985,279.168923,448.3786312,1.05E-27,3.07E-16,9.91E-27,3.15E-15,,,,,,,,,,,,,,,,,,,,,,,,,,,,,,,,,,,,,,,,,,,,,,,,,,,,,,,,,,,,,,,,
Mon Apr 23 00:07:51 2018,5,hmm,/home/mlevin6/Desktop/cluster/cluster_sequences/KM_AU06_r_AU12_r_5/default/every_frame,8888,results/152375810775,5,54.92473118,54.81481481,55.83333333,53.33333333,52.22222222,54.66666667,58.33333333,64.44444444,60,73.33333333,TRUE,38.66666667,36.20879121,36.87878788,36.34343434,37.28571429,38.66666667,32.66666667,33.33333333,20,33.33333333,FALSE,71.33333333,71.35531136,72.21611722,68.51515152,70.45454545,76,76.82539683,80,80,90,TRUE,0.613636364,0.625766871,0.639455782,0.614173228,0.598130841,0.638297872,0.691358025,0.75,0.739130435,0.833333333,-475.2814879,-503.2449897,-481.4131649,-508.3338996,2.14E-22,2.84E-17,7.16E-22,3.84E-16,264.5340914,370.1078964,264.8367507,379.3086085,2.49E-21,3.16E-16,6.16E-21,4.92E-139,,,,,,,,,,,,,,,,,,,,,,,,,,,,,,,,,,,,,,,,,,,,,,,,,,,,,,,,,,,,,,,,
Mon Apr 23 00:09:28 2018,6,hmm,/home/mlevin6/Desktop/cluster/cluster_sequences/KM_AU06_r_AU12_r_5/pairwise/every_frame,8888,results/152377189432,5,55.52688172,55.55555556,59.16666667,60,58.88888889,58.66666667,60,62.22222222,56.66666667,73.33333333,TRUE,56,57.01465201,61.38528139,62.5982906,65.2012987,67.14285714,67.04761905,78.0952381,75,100,TRUE,55,54.21245421,58.28571429,58.86363636,53.47402597,50.83333333,51.71428571,54.76190476,51.66666667,50,FALSE,0.556291391,0.558823529,0.595041322,0.603773585,0.574712644,0.550724638,0.555555556,0.585365854,0.518518519,0.666666667,-1777.904861,-2114.272662,-1859.002911,-2144.678505,4.85E-112,3.84E-129,1.56E-117,5.68E-140,1038.470601,1115.88297,1131.778565,1130.686372,8.39E-111,6.69E-128,1.34E-116,1.38E-127,,,,,,,,,,,,,,,,,,,,,,,,,,,,,,,,,,,,,,,,,,,,,,,,,,,,,,,,,,,,,,,,
Mon Apr 23 00:11:05 2018,6,lstmHmm,/home/mlevin6/Desktop/cluster/cluster_sequences/KM_AU06_r_AU12_r_5/pairwise/every_frame,8888,results/152378610973,5,54.21505376,54.81481481,55,53.33333333,55.55555556,54.66666667,53.33333333,48.88888889,50,40,FALSE,58.66666667,59.56043956,61.80652681,60.90909091,63.74242424,66.42857143,63.33333333,58.33333333,78.66666667,62.5,TRUE,49.58333333,49.51648352,47.96037296,46.72727273,48.4047619,43.92857143,43.33333333,44.66666667,43.33333333,30,FALSE,0.524137931,0.527131783,0.517857143,0.494845361,0.5,0.484848485,0.481481481,0.465116279,0.4,0.307692308,-1414.617795,-1712.900596,-1496.416765,-1736.45969,1.16E-70,1.01E-110,1.85E-71,1.60E-128,857.4721827,979.7923282,969.8348829,978.4297136,2.00E-69,1.28E-109,1.59E-70,3.12E-15,,,,,,,,,,,,,,,,,,,,,,,,,,,,,,,,,,,,,,,,,,,,,,,,,,,,,,,,,,,,,,,,
Mon Apr 23 00:12:43 2018,6,hmm,/home/mlevin6/Desktop/cluster/cluster_sequences/KM_AU06_r_AU12_r_5/default/every_frame,8888,results/152376936256,5,57.05376344,57.03703704,55.83333333,59.04761905,57.77777778,60,56.66666667,57.77777778,66.66666667,66.66666667,TRUE,41.33333333,37.83549784,33.55710956,32.62626263,29.16666667,32.02380952,22.04761905,17.33333333,16.66666667,12.5,FALSE,72.58333333,75.3525641,76.44189144,83.39393939,83.11111111,85.55555556,84.92857143,85.14285714,91,90,TRUE,0.628571429,0.641975309,0.639455782,0.676691729,0.677966102,0.693877551,0.682926829,0.707692308,0.782608696,0.782608696,-399.0620409,-362.2630768,-403.0914337,-363.5451861,4.17E-16,2.74E-17,2.72E-16,3.79E-16,202.7342885,193.4568099,203.3360195,193.2501341,3.65E-15,3.04E-16,2.34E-15,2.92E-15,,,,,,,,,,,,,,,,,,,,,,,,,,,,,,,,,,,,,,,,,,,,,,,,,,,,,,,,,,,,,,,,
Mon Apr 23 00:14:18 2018,4,hmm,/home/mlevin6/Desktop/cluster/cluster_sequences/KM_AU06_r_AU12_r_5/default/every_frame,9999,results/152378688577,5,64.27956989,65.18518519,65,66.66666667,65.55555556,64,65,71.11111111,63.33333333,73.33333333,TRUE,62.66666667,63.60805861,67.06493506,68.28282828,67.57142857,64.28571429,69.33333333,82,73.33333333,100,TRUE,66,67.08424908,64.08791209,65.33333333,63.81818182,62.3015873,61.9047619,66.33333333,56,66.66666667,TRUE,0.649350649,0.666666667,0.661290323,0.684684685,0.673684211,0.649350649,0.666666667,0.723404255,0.685714286,0.777777778,-487.7243928,-520.7744902,-485.2173143,-515.7267516,1.27E-28,2.71E-17,1.29E-27,3.55E-16,270.4377022,394.2351359,268.7575361,386.0360772,1.32E-27,3.01E-16,1.11E-26,0,,,,,,,,,,,,,,,,,,,,,,,,,,,,,,,,,,,,,,,,,,,,,,,,,,,,,,,,,,,,,,,,
Mon Apr 23 00:15:54 2018,4,hmm,/home/mlevin6/Desktop/cluster/cluster_sequences/KM_AU06_r_AU12_r_5/pairwise/every_frame,9999,results/152379156591,5,54.27956989,56.2962963,55,57.14285714,56.66666667,56,58.33333333,62.22222222,66.66666667,73.33333333,TRUE,53.33333333,54.76190476,54.17948718,58.86363636,59.48412698,56.57142857,60.66666667,69.33333333,85.41666667,100,TRUE,55.08333333,56.53846154,54.5021645,53.93006993,52.98989899,52.94444444,53.45238095,52.66666667,53.33333333,60,TRUE,0.549019608,0.562962963,0.55,0.571428571,0.571428571,0.582278481,0.615384615,0.653061224,0.6875,0.777777778,-2184.095855,-2484.869685,-2261.092633,-2546.541838,9.69E-128,3.44E-182,3.37E-141,1.76E-183,1071.72771,1213.855396,1129.744012,1169.72145,1.68E-126,0,2.89E-140,inf,,,,,,,,,,,,,,,,,,,,,,,,,,,,,,,,,,,,,,,,,,,,,,,,,,,,,,,,,,,,,,,,
Mon Apr 23 00:17:28 2018,4,lstmHmm,/home/mlevin6/Desktop/cluster/cluster_sequences/KM_AU06_r_AU12_r_5/default/every_frame,9999,results/152379728344,5,50.34408602,50.37037037,49.16666667,51.42857143,53.33333333,57.33333333,56.66666667,60,63.33333333,66.66666667,TRUE,42.66666667,40.58608059,37.72727273,41.74242424,43.26190476,47.38095238,45.33333333,47.66666667,56.66666667,50,TRUE,57.91666667,59.15750916,58.59340659,60.54700855,63.89393939,69.39393939,65.87301587,64.33333333,65,63.33333333,TRUE,0.539877301,0.55033557,0.548148148,0.571428571,0.588235294,0.636363636,0.638888889,0.666666667,0.685714286,0.736842105,-174.5562193,-249.0336448,-230.803276,-273.0024753,inf,inf,6.09E+134,1.16E+216,277.3580956,440.2826866,269.7552888,412.2833794,nan,nan,5.24E+135,0,,,,,,,,,,,,,,,,,,,,,,,,,,,,,,,,,,,,,,,,,,,,,,,,,,,,,,,,,,,,,,,,
Mon Apr 23 00:19:01 2018,4,lstmHmm,/home/mlevin6/Desktop/cluster/cluster_sequences/KM_AU06_r_AU12_r_5/pairwise/every_frame,9999,results/152380218178,5,50.27956989,51.11111111,51.66666667,54.28571429,56.66666667,57.33333333,56.66666667,55.55555556,63.33333333,46.66666667,FALSE,50.66666667,51.79487179,53.09090909,55.31818182,58,60.07936508,64.66666667,60,85,87.5,TRUE,49.75,50.86446886,51.20879121,51.56643357,52.5,51.54761905,46.42857143,42.66666667,41.66666667,30,FALSE,0.503311258,0.52173913,0.532258065,0.547169811,0.551724138,0.542857143,0.535714286,0.523809524,0.620689655,0.428571429,-1838.077864,-2152.014825,-1960.564605,-2195.792394,6.13E-121,1.56E-102,1.12E-126,2.29E-165,963.6049458,1049.419214,1085.835276,1075.376675,1.05E-119,2.71E-101,9.66E-126,5.68E-125,,,,,,,,,,,,,,,,,,,,,,,,,,,,,,,,,,,,,,,,,,,,,,,,,,,,,,,,,,,,,,,,
Mon Apr 23 00:20:38 2018,5,hmm,/home/mlevin6/Desktop/cluster/cluster_sequences/KM_AU06_r_AU12_r_5/pairwise/every_frame,9999,results/152380349381,5,47.67741935,51.11111111,52.5,55.23809524,53.33333333,52,48.33333333,48.88888889,53.33333333,66.66666667,TRUE,50.66666667,56.26373626,59.19191919,64.06060606,60.5,59.04761905,48.33333333,42,52.08333333,50,FALSE,44.58333333,45.28205128,45.92307692,48.09090909,46.08547009,46.18686869,45.55555556,44.5,48.33333333,60,TRUE,0.462585034,0.484375,0.512820513,0.552380952,0.533333333,0.538461538,0.537313433,0.566037736,0.588235294,0.761904762,-1958.977684,-2201.075497,-2047.300621,-2242.245399,1.38E-112,1.14E-69,9.28E-119,6.55E-126,1030.110717,1166.799057,1093.357687,1182.316252,2.38E-111,1.98E-68,7.99E-118,5.79E-103,,,,,,,,,,,,,,,,,,,,,,,,,,,,,,,,,,,,,,,,,,,,,,,,,,,,,,,,,,,,,,,,
Mon Apr 23 00:22:18 2018,5,lstmHmm,/home/mlevin6/Desktop/cluster/cluster_sequences/KM_AU06_r_AU12_r_5/pairwise/every_frame,9999,results/152380903535,5,53.61290323,52.59259259,52.5,52.38095238,55.55555556,53.33333333,55,55.55555556,60,60,TRUE,58.66666667,60.56776557,62.47086247,63.07070707,66.13275613,65.07936508,66.07142857,71.33333333,81.66666667,100,TRUE,48.5,44.63736264,42.15617716,41.96969697,43.71933622,40.83333333,43.66666667,40.66666667,40.66666667,40,FALSE,0.513888889,0.492063492,0.46728972,0.468085106,0.5,0.461538462,0.448979592,0.473684211,0.5,0.5,-1589.962285,-1902.30105,-1670.195736,-1922.054426,2.91E-111,1.54E-109,6.41E-125,6.69E-104,921.6803967,1050.491896,1001.547287,1059.648976,3.60E-110,2.67E-108,5.51E-124,nan,,,,,,,,,,,,,,,,,,,,,,,,,,,,,,,,,,,,,,,,,,,,,,,,,,,,,,,,,,,,,,,,
Mon Apr 23 00:23:54 2018,5,lstmHmm,/home/mlevin6/Desktop/cluster/cluster_sequences/KM_AU06_r_AU12_r_5/default/every_frame,9999,results/152380566727,5,66.30107527,66.66666667,65.83333333,65.71428571,65.55555556,68,65,73.33333333,73.33333333,73.33333333,TRUE,68,70.25641026,71,70.87878788,69.02958153,73.69047619,72.16666667,78.80952381,75,83.33333333,TRUE,64.58333333,63.52380952,61.31868132,62.15617716,60.51082251,62.46031746,58.0952381,63.33333333,62,63.33333333,FALSE,0.657718121,0.666666667,0.661157025,0.666666667,0.659340659,0.684210526,0.631578947,0.727272727,0.75,0.777777778,85.79685435,65.13386716,79.08222652,36.84139933,inf,inf,inf,inf,362.4724899,549.3812933,367.0458548,617.5638215,nan,nan,nan,nan,,,,,,,,,,,,,,,,,,,,,,,,,,,,,,,,,,,,,,,,,,,,,,,,,,,,,,,,,,,,,,,,
Mon Apr 23 00:25:33 2018,6,lstmHmm,/home/mlevin6/Desktop/cluster/cluster_sequences/KM_AU06_r_AU12_r_5/default/every_frame,8888,results/152377281346,5,53.11827957,57.03703704,58.33333333,58.0952381,55.55555556,56,56.66666667,55.55555556,60,40,FALSE,52,57.30769231,58.91375291,58.77233877,57.55555556,59.61111111,64.0952381,60.33333333,62.66666667,37.5,FALSE,54.5,57.93406593,58.001998,59.03030303,56.77777778,58.73015873,54.45238095,48.9047619,47,33.33333333,FALSE,0.535947712,0.573529412,0.590163934,0.576923077,0.565217391,0.56,0.566666667,0.565217391,0.6,0.470588235,207.1545521,201.4158899,180.9020467,185.7745931,inf,inf,inf,inf,323.8556072,506.4129838,331.5352041,517.5582669,nan,nan,nan,2.25E-123,,,,,,,,,,,,,,,,,,,,,,,,,,,,,,,,,,,,,,,,,,,,,,,,,,,,,,,,,,,,,,,,
Mon Apr 23 00:27:12 2018,6,hmm,/home/mlevin6/Desktop/cluster/cluster_sequences/KM_AU06_r_AU12_r_5/pairwise/every_frame,9999,results/15238187685,5,53.56989247,55.55555556,56.66666667,60,60,61.33333333,61.66666667,57.77777778,60,60,TRUE,61.33333333,66.3003663,69.92307692,75.22222222,77.80952381,81.42857143,81,75.33333333,85.33333333,83.33333333,TRUE,45.75,44.32234432,43.54978355,45.45454545,46.04545455,47.57575758,43.80952381,45.33333333,43.33333333,50,TRUE,0.5,0.508196721,0.518518519,0.553191489,0.571428571,0.591549296,0.581818182,0.558139535,0.571428571,0.666666667,-1770.021025,-2048.817257,-1852.806128,-2075.70013,9.99E-117,4.87E-108,1.34E-129,2.60E-124,961.7141044,1118.855153,1059.89434,1125.712522,1.73E-115,8.47E-107,1.16E-128,2.64E-15,,,,,,,,,,,,,,,,,,,,,,,,,,,,,,,,,,,,,,,,,,,,,,,,,,,,,,,,,,,,,,,,
Mon Apr 23 00:28:50 2018,5,hmm,/home/mlevin6/Desktop/cluster/cluster_sequences/KM_AU06_r_AU12_r_5/default/every_frame,9999,results/152380229884,5,64.94623656,63.7037037,63.33333333,64.76190476,62.22222222,61.33333333,61.66666667,60,60,60,FALSE,49.33333333,48.46153846,48.41991342,52.50505051,49.77777778,48.61111111,45.23809524,40,40,50,TRUE,80.66666667,77.8021978,74.69230769,73.77777778,69.44444444,68.19047619,65.33333333,66,50,50,FALSE,0.697142857,0.683870968,0.676470588,0.683760684,0.638297872,0.623376623,0.646153846,0.666666667,0.647058824,0.666666667,-478.7103577,-506.6783455,-483.1357924,-509.143928,9.15E-27,9.42E-16,1.22E-27,3.21E-16,265.4149301,369.8856622,267.0904541,379.4557032,1.32E-25,1.49E-14,1.04E-26,5.19E-108,,,,,,,,,,,,,,,,,,,,,,,,,,,,,,,,,,,,,,,,,,,,,,,,,,,,,,,,,,,,,,,,
Mon Apr 23 00:30:26 2018,6,lstmHmm,/home/mlevin6/Desktop/cluster/cluster_sequences/KM_AU06_r_AU12_r_5/pairwise/every_frame,9999,results/152382970708,5,51.5483871,51.85185185,51.66666667,54.28571429,54.44444444,56,51.66666667,53.33333333,50,60,TRUE,50.66666667,53.40659341,53.42657343,59.22727273,58.62698413,57.8968254,57.42857143,56.33333333,68.33333333,75,TRUE,52.16666667,49.56043956,47.83216783,46.61072261,48.21212121,52.93650794,45.85714286,49.33333333,33.33333333,66.66666667,TRUE,0.522875817,0.511278195,0.508474576,0.52,0.539325843,0.547945205,0.49122807,0.533333333,0.444444444,0.5,-1408.448496,-1725.833062,-1514.863156,-1746.842049,6.00E-60,1.25E-112,4.30E-119,6.00E-109,839.7622534,993.6613672,937.2124415,963.1109458,1.04E-58,2.18E-111,3.70E-118,2.44E-14,,,,,,,,,,,,,,,,,,,,,,,,,,,,,,,,,,,,,,,,,,,,,,,,,,,,,,,,,,,,,,,,
Mon Apr 23 00:32:10 2018,6,hmm,/home/mlevin6/Desktop/cluster/cluster_sequences/KM_AU06_r_AU12_r_5/default/every_frame,9999,results/152381309434,5,55.6344086,56.2962963,54.16666667,54.28571429,53.33333333,56,61.66666667,64.44444444,70,66.66666667,TRUE,22.66666667,17.43589744,12.72727273,8.5,7.5,4,6.666666667,0,0,0,FALSE,88.33333333,90.47619048,90.64102564,93.28671329,95.95959596,100,100,100,100,100,TRUE,0.666666667,0.687830688,0.678362573,0.688311688,0.681818182,0.713043478,0.757894737,0.783783784,0.823529412,0.8,-471.2214571,-498.0755157,-476.8069885,-501.3073853,1.29E-17,3.88E-07,2.07E-17,3.00E-15,266.2566418,372.4265556,267.9990664,380.4986127,1.57E-16,2.98E-06,1.78E-16,nan,,,,,,,,,,,,,,,,,,,,,,,,,,,,,,,,,,,,,,,,,,,,,,,,,,,,,,,,,,,,,,,,
Mon Apr 23 00:33:44 2018,4,lstmHmm,/home/mlevin6/Desktop/cluster/cluster_sequences/KM_AU06_r_AU12_r_5/default/every_frame,1111,results/152383487249,5,50.98924731,51.11111111,50.83333333,48.57142857,50,49.33333333,53.33333333,55.55555556,63.33333333,60,TRUE,41.33333333,42.10622711,41.5034965,37.27272727,38.5,36.66666667,31.66666667,29.66666667,41.66666667,37.5,FALSE,60.66666667,60.77655678,60.44289044,57.93939394,60.72222222,60.47619048,68.16666667,71.66666667,66,50,FALSE,0.554216867,0.554054054,0.556390977,0.542372881,0.554455446,0.547619048,0.611111111,0.642857143,0.702702703,0.666666667,-181.159834,-253.4293235,-262.2966,-265.2821343,inf,inf,9.30E+161,inf,375.9292616,540.9739159,319.4266752,534.6425329,nan,nan,inf,0,,,,,,,,,,,,,,,,,,,,,,,,,,,,,,,,,,,,,,,,,,,,,,,,,,,,,,,,,,,,,,,,
Mon Apr 23 00:35:29 2018,5,hmm,/home/mlevin6/Desktop/cluster/cluster_sequences/KM_AU06_r_AU12_r_5/pairwise/every_frame,1111,results/152384078767,5,57.59139785,57.77777778,56.66666667,57.14285714,57.77777778,58.66666667,58.33333333,57.77777778,53.33333333,53.33333333,FALSE,65.33333333,66.81318681,63.97435897,65.7979798,68.33333333,66.9047619,67.76190476,77,78.33333333,75,TRUE,49.75,48.24175824,50.11655012,49,48.66666667,47.93650794,46.14285714,37.47619048,28.33333333,20,FALSE,0.542857143,0.536585366,0.543859649,0.536082474,0.558139535,0.550724638,0.561403509,0.536585366,0.416666667,0.363636364,-1937.780505,-2241.397571,-2041.202956,-2268.663668,2.20E-111,9.67E-161,3.85E-138,5.24E-164,1002.089199,1123.69023,1110.588037,1089.842364,3.77E-110,1.68E-159,3.31E-137,4.12E-10,,,,,,,,,,,,,,,,,,,,,,,,,,,,,,,,,,,,,,,,,,,,,,,,,,,,,,,,,,,,,,,,
Mon Apr 23 00:37:04 2018,5,hmm,/home/mlevin6/Desktop/cluster/cluster_sequences/KM_AU06_r_AU12_r_5/default/every_frame,0,results/152383007372,5,63.6344086,65.18518519,68.33333333,69.52380952,71.11111111,69.33333333,68.33333333,73.33333333,70,66.66666667,TRUE,57.33333333,59.78021978,62.44522145,61.03030303,60.85714286,59.42857143,54.14285714,63.80952381,55,50,FALSE,69.58333333,70.76923077,72.5024975,74.87878788,75.45454545,74.11111111,74.07142857,75.33333333,68.66666667,73.33333333,TRUE,0.658385093,0.671328671,0.707692308,0.728813559,0.754716981,0.741573034,0.732394366,0.76,0.756756757,0.736842105,-473.5350079,-501.3469664,-478.1074435,-505.4424568,6.89E-21,4.98E-11,9.74E-21,5.51E-11,266.4962398,370.6842149,267.6538238,380.6823755,7.93E-20,4.74E-10,8.38E-20,2.86E-15,,,,,,,,,,,,,,,,,,,,,,,,,,,,,,,,,,,,,,,,,,,,,,,,,,,,,,,,,,,,,,,,
Mon Apr 23 00:38:40 2018,4,hmm,/home/mlevin6/Desktop/cluster/cluster_sequences/KM_AU06_r_AU12_r_5/default/every_frame,2222,results/152385282789,5,65.61290323,65.92592593,65,64.76190476,63.33333333,62.66666667,63.33333333,57.77777778,60,60,FALSE,61.33333333,61.64835165,64.02597403,66,64.5,64.76190476,73.33333333,70,80,80,TRUE,70,69.56043956,65.07692308,62.47474747,58.5,54.34126984,49.04761905,43,31.66666667,30,FALSE,0.670886076,0.676056338,0.65,0.640776699,0.611764706,0.588235294,0.576923077,0.512820513,0.5,0.4,-488.2483767,-524.9327987,-493.9046746,-522.419256,8.04E-27,2.71E-17,1.29E-27,3.47E-16,270.9174786,400.0769614,272.1966571,388.0548674,1.36E-25,3.01E-16,1.11E-26,3.06E-15,,,,,,,,,,,,,,,,,,,,,,,,,,,,,,,,,,,,,,,,,,,,,,,,,,,,,,,,,,,,,,,,
Mon Apr 23 00:40:18 2018,5,hmm,/home/mlevin6/Desktop/cluster/cluster_sequences/KM_AU06_r_AU12_r_5/default/every_frame,2222,results/15238583321,5,53.05376344,54.07407407,51.66666667,50.47619048,50,45.33333333,41.66666667,35.55555556,30,40,FALSE,84,90.76923077,92.36363636,93.55555556,95.27777778,96.66666667,95,93.33333333,100,100,TRUE,22.5,21.04761905,13.42490842,8.818181818,4.222222222,2.222222222,0,0,0,0,FALSE,0.323809524,0.326086957,0.236842105,0.161290323,0.081632653,0.046511628,0,0,0,0,-399.3185392,-362.2973871,-403.2359383,-363.49964,4.56E-16,2.70E-17,3.69E-16,3.72E-16,202.8692289,193.4741457,203.344709,193.1378528,3.97E-15,3.01E-16,3.17E-15,1.18E-11,,,,,,,,,,,,,,,,,,,,,,,,,,,,,,,,,,,,,,,,,,,,,,,,,,,,,,,,,,,,,,,,
Mon Apr 23 00:41:56 2018,6,hmm,/home/mlevin6/Desktop/cluster/cluster_sequences/KM_AU06_r_AU12_r_5/default/every_frame,1111,results/152385182797,5,56.40860215,57.03703704,58.33333333,59.04761905,57.77777778,57.33333333,55,53.33333333,53.33333333,60,TRUE,50.66666667,51.08058608,53.19347319,51.27272727,47.05555556,42.85714286,39.33333333,28,21.66666667,37.5,FALSE,62.16666667,62.50549451,63.6013986,66.54545455,69.5,71.07142857,68.57142857,75,86.66666667,80,TRUE,0.5875,0.597222222,0.603174603,0.619469027,0.62,0.627906977,0.61971831,0.631578947,0.631578947,0.7,-395.2465651,-358.8796296,-400.0713518,-360.5135348,4.81E-16,1.65E-14,4.18E-16,1.51E-12,202.533506,193.4839657,201.7809242,193.2746005,4.19E-15,2.65E-13,3.59E-15,5.88E-118,,,,,,,,,,,,,,,,,,,,,,,,,,,,,,,,,,,,,,,,,,,,,,,,,,,,,,,,,,,,,,,,
Mon Apr 23 00:43:31 2018,5,lstmHmm,/home/mlevin6/Desktop/cluster/cluster_sequences/KM_AU06_r_AU12_r_5/pairwise/every_frame,2222,results/152387754562,5,55.59139785,55.55555556,56.66666667,60.95238095,58.88888889,60,58.33333333,53.33333333,46.66666667,66.66666667,TRUE,60,60.6959707,63.03030303,66.2020202,67.75396825,76.0952381,80.33333333,76.42857143,63,77.77777778,TRUE,51.16666667,50.79120879,50.8974359,54.45454545,51.83838384,46.44444444,37.14285714,36.92857143,34,66.66666667,TRUE,0.537931034,0.538461538,0.551724138,0.594059406,0.574712644,0.558823529,0.528301887,0.553191489,0.466666667,0.705882353,-1588.771469,-1890.004577,-1666.669821,-1933.772127,3.75E-124,4.33E-106,2.03E-128,6.79E-119,927.6332104,1083.227337,1018.765124,1097.291126,5.07E-123,7.54E-105,1.75E-127,nan,,,,,,,,,,,,,,,,,,,,,,,,,,,,,,,,,,,,,,,,,,,,,,,,,,,,,,,,,,,,,,,,
Mon Apr 23 00:45:09 2018,6,lstmHmm,/home/mlevin6/Desktop/cluster/cluster_sequences/KM_AU06_r_AU12_r_5/default/every_frame,9999,results/152381991951,5,55.65591398,58.51851852,59.16666667,60,62.22222222,60,58.33333333,55.55555556,63.33333333,60,TRUE,46.66666667,49.98168498,52.12121212,55.01010101,58.72222222,55.55555556,54.21428571,52.33333333,50,50,TRUE,64.66666667,66.34432234,64.61538462,65.42424242,65.66666667,65.83333333,63,55.66666667,71.66666667,66.66666667,TRUE,0.593939394,0.621621622,0.625954198,0.625,0.638297872,0.594594595,0.576271186,0.545454545,0.64516129,0.7,207.0009192,193.6187985,169.6399208,177.9377877,inf,inf,inf,inf,336.688379,528.6463097,354.6978456,536.6963946,nan,nan,nan,nan,,,,,,,,,,,,,,,,,,,,,,,,,,,,,,,,,,,,,,,,,,,,,,,,,,,,,,,,,,,,,,,,
Mon Apr 23 00:46:46 2018,5,lstmHmm,/home/mlevin6/Desktop/cluster/cluster_sequences/KM_AU06_r_AU12_r_5/default/every_frame,2222,results/152387672784,5,60.25806452,59.25925926,59.16666667,58.0952381,56.66666667,61.33333333,61.66666667,64.44444444,66.66666667,73.33333333,TRUE,49.33333333,47.69230769,46.81818182,47.27272727,45.49206349,48,51.61904762,52.66666667,43.33333333,50,TRUE,71.33333333,70,70.64102564,69.63636364,66.08585859,68.06349206,67.55555556,64.76190476,72.66666667,80,TRUE,0.642857143,0.640522876,0.647482014,0.620689655,0.606060606,0.658823529,0.676056338,0.714285714,0.736842105,0.818181818,64.73507616,32.95498443,50.29633758,-2.617735341,inf,inf,inf,inf,346.9404444,560.3230748,339.1670171,626.0637082,nan,nan,nan,0,,,,,,,,,,,,,,,,,,,,,,,,,,,,,,,,,,,,,,,,,,,,,,,,,,,,,,,,,,,,,,,,
Mon Apr 23 00:48:23 2018,5,hmm,/home/mlevin6/Desktop/cluster/cluster_sequences/KM_AU06_r_AU12_r_5/pairwise/every_frame,2222,results/152387106163,5,52.27956989,51.11111111,52.5,54.28571429,56.66666667,57.33333333,61.66666667,62.22222222,70,53.33333333,TRUE,57.33333333,56.31868132,60.78787879,62.54545455,62.88888889,59.78571429,58.0952381,58,73.33333333,80,TRUE,47.25,45.96336996,45.84249084,46.18181818,49.5,53.07142857,60.5,58.33333333,58.33333333,20,FALSE,0.5,0.5,0.504347826,0.5,0.530120482,0.567567568,0.610169492,0.622222222,0.727272727,0.363636364,-1956.442277,-2237.884832,-2051.40154,-2286.210028,1.34E-120,6.51E-150,1.83E-121,1.69E-215,982.226,1095.306327,1056.696434,1052.10088,2.07E-119,1.13E-148,1.58E-120,1.33E-137,,,,,,,,,,,,,,,,,,,,,,,,,,,,,,,,,,,,,,,,,,,,,,,,,,,,,,,,,,,,,,,,
Mon Apr 23 00:50:02 2018,6,hmm,/home/mlevin6/Desktop/cluster/cluster_sequences/KM_AU06_r_AU12_r_5/pairwise/every_frame,2222,results/152388783997,5,54.90322581,53.33333333,53.33333333,56.19047619,56.66666667,56,55,62.22222222,70,80,TRUE,57.33333333,54.28571429,56.56177156,61.7979798,61.69480519,61.38888889,64.85714286,65.42857143,85.33333333,100,TRUE,52.41666667,51.28205128,49.6969697,50.53069153,52.58225108,51.42857143,49.61904762,57.66666667,56.33333333,66.66666667,TRUE,0.540540541,0.533333333,0.517241379,0.549019608,0.561797753,0.535211268,0.542372881,0.604651163,0.709677419,0.842105263,-1761.116722,-2086.272658,-1864.905411,-2149.159429,4.06E-101,1.01E-139,6.47E-135,1.53E-138,995.7667859,1122.064452,1066.445055,1153.107637,7.02E-100,1.76E-138,5.57E-134,0,,,,,,,,,,,,,,,,,,,,,,,,,,,,,,,,,,,,,,,,,,,,,,,,,,,,,,,,,,,,,,,,
Mon Apr 23 00:51:38 2018,5,lstmHmm,/home/mlevin6/Desktop/cluster/cluster_sequences/KM_AU06_r_AU12_r_5/pairwise/every_frame,3333,results/152390585412,5,56.90322581,57.03703704,55.83333333,55.23809524,56.66666667,58.66666667,55,48.88888889,53.33333333,66.66666667,TRUE,56,58.13186813,55,51.13636364,51.66666667,53.80952381,49.23809524,51,60,90,TRUE,57.66666667,54.90842491,55.32967033,56.38461538,59.77777778,61.38888889,59.33333333,51.33333333,50,40,FALSE,0.575163399,0.573529412,0.576,0.584070796,0.597938144,0.626506024,0.584615385,0.510638298,0.5,0.444444444,-1603.365716,-1926.908278,-1694.085142,-1957.284975,1.57E-111,2.39E-165,6.50E-122,1.62E-168,891.5625707,993.8050692,983.5931598,978.8249412,2.71E-110,0,5.59E-121,nan,,,,,,,,,,,,,,,,,,,,,,,,,,,,,,,,,,,,,,,,,,,,,,,,,,,,,,,,,,,,,,,,
Mon Apr 23 00:53:13 2018,4,lstmHmm,/home/mlevin6/Desktop/cluster/cluster_sequences/KM_AU06_r_AU12_r_5/default/every_frame,3333,results/152390585389,5,49.65591398,50.37037037,50.83333333,50.47619048,50,54.66666667,51.66666667,48.88888889,56.66666667,66.66666667,TRUE,52,52.78388278,53.03030303,54.17171717,51.15873016,56.19047619,48.66666667,40,31.66666667,75,TRUE,47.33333333,48.88644689,49.48717949,48.86868687,49.99494949,55.83333333,54.16666667,52.57142857,72,63.33333333,TRUE,0.486486486,0.503703704,0.512396694,0.5,0.505494505,0.552631579,0.567164179,0.549019608,0.648648649,0.705882353,-170.572882,-215.9028488,-244.0783475,-237.4541395,inf,inf,inf,inf,476.3958493,657.8904691,446.1296577,591.2570479,nan,nan,nan,nan,,,,,,,,,,,,,,,,,,,,,,,,,,,,,,,,,,,,,,,,,,,,,,,,,,,,,,,,,,,,,,,,
Mon Apr 23 00:54:52 2018,4,lstmHmm,/home/mlevin6/Desktop/cluster/cluster_sequences/KM_AU06_r_AU12_r_5/default/every_frame,2222,results/152419253618,5,54.32258065,53.33333333,54.16666667,52.38095238,52.22222222,52,50,46.66666667,46.66666667,60,TRUE,68,68.13186813,68.05128205,67,63.5,61.66666667,54.04761905,50.66666667,50,60,FALSE,40.91666667,39.01098901,39.17748918,37.57575758,41.16666667,44.6031746,43.5,41,46.66666667,60,TRUE,0.473282443,0.461538462,0.466019417,0.444444444,0.455696203,0.470588235,0.464285714,0.454545455,0.5,0.666666667,-167.3210255,-206.7692301,-231.5859347,-223.3702929,inf,inf,4.48E+274,inf,478.47116,652.4888738,420.9130518,575.4037458,nan,nan,inf,nan,,,,,,,,,,,,,,,,,,,,,,,,,,,,,,,,,,,,,,,,,,,,,,,,,,,,,,,,,,,,,,,,
Mon Apr 23 00:56:28 2018,6,lstmHmm,/home/mlevin6/Desktop/cluster/cluster_sequences/KM_AU06_r_AU12_r_5/default/every_frame,2222,results/152421408658,5,55.69892473,59.25925926,58.33333333,59.04761905,56.66666667,57.33333333,53.33333333,60,56.66666667,40,FALSE,50.66666667,55.82417582,54.88344988,54.55011655,51.38888889,54.88888889,48.42857143,61.66666667,62,37.5,FALSE,60.83333333,62.74725275,61.93473193,64.9044289,63.55555556,62.61904762,59.78571429,57.23809524,49,33.33333333,FALSE,0.578616352,0.604316547,0.596774194,0.612612613,0.589473684,0.6,0.575757576,0.64,0.628571429,0.470588235,206.5088965,196.5484921,180.1061001,176.9124671,inf,inf,inf,inf,352.6150768,543.0919987,355.0228804,559.0104574,nan,nan,nan,3.06E-15,,,,,,,,,,,,,,,,,,,,,,,,,,,,,,,,,,,,,,,,,,,,,,,,,,,,,,,,,,,,,,,,
Mon Apr 23 00:58:03 2018,5,hmm,/home/mlevin6/Desktop/cluster/cluster_sequences/KM_AU06_r_AU12_r_5/default/every_frame,1111,results/152419191982,5,60.94623656,61.48148148,62.5,62.85714286,61.11111111,62.66666667,63.33333333,68.88888889,73.33333333,73.33333333,TRUE,38.66666667,34.50549451,33.18181818,33.41414141,29.5,32.85714286,22.66666667,22.66666667,10,16.66666667,FALSE,82.91666667,85.6043956,87.56410256,87.87878788,90,88.61111111,89.20634921,95,95,100,TRUE,0.681081081,0.697674419,0.713375796,0.71942446,0.710743802,0.725490196,0.75,0.787878788,0.84,0.833333333,-460.3674662,-472.8311562,-458.3820781,-485.8593295,8.29E-17,2.49E-14,1.99E-27,3.72E-16,255.9956559,344.791101,257.709821,373.6107831,1.43E-15,2.86E-13,1.23E-26,3.06E-15,,,,,,,,,,,,,,,,,,,,,,,,,,,,,,,,,,,,,,,,,,,,,,,,,,,,,,,,,,,,,,,,
Mon Apr 23 00:59:37 2018,4,hmm,/home/mlevin6/Desktop/cluster/cluster_sequences/KM_AU06_r_AU12_r_5/default/every_frame,3333,results/152422154694,5,64.94623656,65.18518519,66.66666667,66.66666667,65.55555556,65.33333333,66.66666667,73.33333333,63.33333333,66.66666667,TRUE,65.33333333,66.46520147,71.02097902,70.55555556,68.11688312,69.56349206,73.5,87.14285714,75,83.33333333,TRUE,64.66666667,64.00732601,62.997003,62.22222222,62.38961039,57.53968254,58.57142857,61.33333333,52.66666667,56.66666667,FALSE,0.649006623,0.656934307,0.672131148,0.672897196,0.666666667,0.638888889,0.655172414,0.714285714,0.666666667,0.705882353,-480.2796295,-507.7565437,-484.854241,-511.8487776,1.71E-27,2.71E-17,1.29E-27,3.73E-16,265.2735363,369.7351917,266.1336144,379.6551722,2.69E-26,3.01E-16,1.11E-26,0,,,,,,,,,,,,,,,,,,,,,,,,,,,,,,,,,,,,,,,,,,,,,,,,,,,,,,,,,,,,,,,,
Mon Apr 23 01:01:12 2018,4,hmm,/home/mlevin6/Desktop/cluster/cluster_sequences/KM_AU06_r_AU12_r_5/pairwise/every_frame,3333,results/152423891477,5,56.23655914,57.77777778,56.66666667,55.23809524,57.77777778,57.33333333,56.66666667,57.77777778,66.66666667,66.66666667,TRUE,66.66666667,65.95238095,66.09090909,67,70.62409812,68.73015873,69.04761905,77,88.33333333,80,TRUE,45.75,49.8021978,48.0952381,45.45454545,48.22799423,47.77777778,46.66666667,42,43.33333333,33.33333333,FALSE,0.514705882,0.551181102,0.543859649,0.515463918,0.547619048,0.529411765,0.5,0.457142857,0.5,0.444444444,-2178.246495,-2456.694338,-2285.249973,-2529.915847,3.10E-114,1.02E-293,4.12E-143,8.50E-258,1028.151838,1083.984112,1076.807496,1075.917886,5.37E-113,0,3.54E-142,1.01E-97,,,,,,,,,,,,,,,,,,,,,,,,,,,,,,,,,,,,,,,,,,,,,,,,,,,,,,,,,,,,,,,,
Mon Apr 23 01:02:48 2018,6,lstmHmm,/home/mlevin6/Desktop/cluster/cluster_sequences/KM_AU06_r_AU12_r_5/pairwise/every_frame,3333,results/152425618777,5,55.5483871,57.03703704,55.83333333,56.19047619,56.66666667,56,56.66666667,57.77777778,66.66666667,73.33333333,TRUE,54.66666667,55.53113553,53.36363636,56.44444444,54.00793651,50.11904762,49.42857143,49.66666667,62,100,TRUE,56.16666667,59.44322344,57.91208791,56.81818182,59.93939394,58.01587302,60.85714286,61.66666667,60,56.66666667,TRUE,0.562091503,0.579710145,0.589147287,0.581818182,0.597938144,0.602409639,0.606060606,0.612244898,0.6875,0.75,-1402.18417,-1745.981266,-1501.895379,-1789.271139,4.32E-60,1.81E-96,3.66E-96,1.17E-98,869.6120257,994.2633697,958.6079701,988.8679225,5.44E-59,3.16E-95,3.15E-95,nan,,,,,,,,,,,,,,,,,,,,,,,,,,,,,,,,,,,,,,,,,,,,,,,,,,,,,,,,,,,,,,,,
Mon Apr 23 01:04:24 2018,5,lstmHmm,/home/mlevin6/Desktop/cluster/cluster_sequences/KM_AU06_r_AU12_r_5/default/every_frame,3333,results/152425646875,5,60.32258065,59.25925926,58.33333333,57.14285714,58.88888889,64,63.33333333,60,63.33333333,73.33333333,TRUE,49.33333333,45.95604396,40.98568099,39.53535354,37.38095238,39.14285714,46,35,37.5,66.66666667,TRUE,71.33333333,72.58241758,75.34731935,73.36363636,76.58585859,77.33333333,72.38095238,65.9047619,57.66666667,63.33333333,FALSE,0.642857143,0.635761589,0.637681159,0.634146341,0.666666667,0.727272727,0.717948718,0.689655172,0.702702703,0.8,56.02279463,9.91520484,50.87445003,9.851478738,inf,inf,inf,inf,320.5657256,551.858023,320.9182785,546.9924851,nan,nan,nan,0,,,,,,,,,,,,,,,,,,,,,,,,,,,,,,,,,,,,,,,,,,,,,,,,,,,,,,,,,,,,,,,,
Mon Apr 23 01:05:59 2018,5,hmm,/home/mlevin6/Desktop/cluster/cluster_sequences/KM_AU06_r_AU12_r_5/pairwise/every_frame,3333,results/152441948399,5,54.27956989,54.07407407,56.66666667,57.14285714,55.55555556,53.33333333,53.33333333,55.55555556,63.33333333,73.33333333,TRUE,48,48.38827839,51.30769231,47.35353535,46.82539683,44.20634921,47.23809524,53.57142857,70,87.5,TRUE,60.33333333,57.38461538,59.65367965,65.75757576,61.64141414,59.72222222,56.73809524,50.66666667,52,60,FALSE,0.571428571,0.569444444,0.587301587,0.608695652,0.591836735,0.578313253,0.575757576,0.583333333,0.685714286,0.75,-1973.166114,-2288.809525,-2083.158716,-2366.837569,5.31E-124,7.79E-107,2.73E-118,4.51E-198,1030.613724,1137.178634,1128.723613,1235.617118,9.16E-123,1.36E-105,2.35E-117,4.33E-10,,,,,,,,,,,,,,,,,,,,,,,,,,,,,,,,,,,,,,,,,,,,,,,,,,,,,,,,,,,,,,,,
Mon Apr 23 01:07:42 2018,5,hmm,/home/mlevin6/Desktop/cluster/cluster_sequences/KM_AU06_r_AU12_r_5/default/every_frame,3333,results/152442065318,5,55.59139785,53.33333333,53.33333333,50.47619048,45.55555556,48,50,48.88888889,36.66666667,40,FALSE,57.33333333,53.84615385,55.13752914,54.37373737,49.84126984,56,56,60,60,50,FALSE,54,52.85714286,56.24542125,50.87412587,45.45454545,46,45.71428571,46.66666667,44,50,FALSE,0.55033557,0.533333333,0.548387097,0.518518519,0.461538462,0.506329114,0.53125,0.530612245,0.457142857,0.470588235,-443.0530654,-449.3067023,-455.4536833,-435.2426283,2.54E-16,2.78E-17,8.22E-27,5.81E-11,243.3378035,329.8370756,252.1691138,274.0151661,3.10E-15,3.10E-16,7.06E-26,3.21E-15,,,,,,,,,,,,,,,,,,,,,,,,,,,,,,,,,,,,,,,,,,,,,,,,,,,,,,,,,,,,,,,,
Mon Apr 23 01:09:22 2018,6,hmm,/home/mlevin6/Desktop/cluster/cluster_sequences/KM_AU06_r_AU12_r_5/default/every_frame,2222,results/152441947217,5,55.03225806,54.81481481,55.83333333,57.14285714,56.66666667,57.33333333,56.66666667,60,60,66.66666667,TRUE,48,46.95970696,45.45221445,45.3989899,45.83333333,45.55555556,37,34.66666667,16.66666667,25,FALSE,61.91666667,61.47252747,64.93006993,66.16317016,67.11111111,68.88888889,73.69047619,78.14285714,76.33333333,76.66666667,TRUE,0.580246914,0.585034014,0.601503759,0.621848739,0.621359223,0.627906977,0.657894737,0.7,0.727272727,0.782608696,-394.9176477,-358.4890721,-399.8862636,-360.4727677,4.71E-16,2.88E-17,3.67E-16,3.90E-16,202.8343402,194.273602,202.22047,194.0368185,3.98E-15,3.19E-16,3.16E-15,2.72E-15,,,,,,,,,,,,,,,,,,,,,,,,,,,,,,,,,,,,,,,,,,,,,,,,,,,,,,,,,,,,,,,,
Mon Apr 23 01:11:01 2018,6,hmm,/home/mlevin6/Desktop/cluster/cluster_sequences/KM_AU06_r_AU12_r_5/default/every_frame,3333,results/152441948393,5,58.98924731,57.77777778,60.83333333,63.80952381,65.55555556,62.66666667,65,62.22222222,63.33333333,73.33333333,TRUE,58.66666667,57.16483516,58.27505828,63,67.87878788,64.71428571,67.61904762,60,60,70,TRUE,59.41666667,57.56410256,62.17948718,64.2020202,63.65079365,58.42857143,62,60,65,80,TRUE,0.592105263,0.577777778,0.611570248,0.634615385,0.626506024,0.588235294,0.631578947,0.622222222,0.666666667,0.75,-394.4054773,-357.9781241,-397.4241792,-358.930511,5.02E-16,2.50E-14,3.96E-16,3.30E-16,202.4447911,194.4175361,203.0527703,193.9447789,4.41E-15,2.86E-13,3.40E-15,,,,,,,,,,,,,,,,,,,,,,,,,,,,,,,,,,,,,,,,,,,,,,,,,,,,,,,,,,,,,,,,,